編號,學名,中名,評估,特有性,呂勝由,特稀圖,FOT,特稀有,賴明洲,渡假,文建會,教育廳,蘇鴻傑1,蘇鴻傑2
1,ADIANTACEAE,鐵線蕨科,,,,,,,,,,,,
1,Acrostichum aureum ,鹵蕨,,,EN(II),,,,,III,III,III,,
2,Adiantum capillus-junonis ,對葉鐵線蕨,,,CR(II),,,,,,,,,
3,Adiantum edentulum,月芽鐵線蕨,,,LC(Ⅳ),,,,,,,,,
4,Adiantum roborowskii var. taiwanianum,臺灣高山鐵線蕨,,Endemic,VU(Ⅳ),,rank2,第二級,,,,,,
5,Anogramma leptophylla,翠蕨,,,NT(Ⅵ),,,,,,,,,
6,Coniogramme procera,高山鳳丫蕨,,,NT(Ⅳ),,,,,,,,,
7,Gymnopteris vestita,金毛裸蕨,,,,,,,稀有級,,,,,
8,Hemionitis arifolia ,澤瀉蕨,,,EN(II),,,,漸危級,,,,,
2,ASPIDIACEAE,三叉蕨科,,,,,,,,,,,,
9,Pteridrys cnemidaria,長柄牙蕨,,,,,,,稀有級,III,III,III,,
3,ASPLENIACEAE,鐵角蕨科,,,,,,,,,,,,
10,Asplenium obscurum,綠柄剪葉鐵角蕨,,,NT(Ⅳ),,,,,III,III,III,,
11,Asplenium pekinense,北京鐵角蕨,,,NT(Ⅳ),,,,,,,,,
12,Asplenium pulcherrimum,細葉鐵角蕨,,,VU(Ⅳ),,,,,,,,,
13,Asplenium ruta-muraria,銀杏葉鐵角蕨,,,NT(Ⅳ),,,,稀有級,,,,,
14,Asplenium scolopendrium ,對開蕨,,,CR(II),,,,,,,,,
15,Asplenium septentrionale,線葉鐵角蕨,,,LC(Ⅳ),,,,,,,,,
4,ATHYRIACEAE,蹄蓋蕨科,,,,,,,,,,,,
16,Athyrium cryptogrammoides,合歡山蹄蓋蕨,,Endemic,,,rank4,,,,,,,
17,Diplazium chinense,中華雙蓋蕨,,,,,,,稀有級,,,,,
18,Woodsia okamotoi,岡本氏岩蕨,,Endemic,CR(Ⅳ),,rank1,第一級,稀有級,,,,,
5,BLECHNACEAE,烏毛蕨科,,,,,,,,,,,,
19,Struthiopteris eburneum var. obtusa ,天長烏毛蕨,,Endemic,EN(Ⅳ),,,,,,,,,
20,Brainea insignis,蘇鐵蕨,,,EN(II),,,,稀有級,III,III,III,,
21,Blechnum fraseri ,假桫欏,,,NT(Ⅳ),,,,漸危級,III,III,III,,
22,Woodwardia harlandii ,哈氏狗脊蕨,,,,,,,稀有級,III,III,III,,
23,Woodwardia kempii,細葉狗脊蕨,,,VU(Ⅳ),,,,,,,,,
6,CYATHEACEAE,桫欏科,,,,,,,,,,,,
24,Alsophila fenicis,蘭嶼筆筒樹,,,VU(Ⅵ),,,,稀有級,III,III,III,,
25,Alsophila loheri,南洋桫欏,,,NT(Ⅵ),,,,稀有級,III,III,III,,
7,DENNSTAEDTIACEAE,碗蕨科,,,,,,,,,,,,
26,Microlepia trichocarpa,毛果鱗蓋蕨,,Endemic,,,rank3,第三級,,,,,,
27,Paesia radula,臺灣曲軸蕨,,Endemic,CR(Ⅵ),,rank4,第四級,稀有級,III,III,III,,
8,DRYOPTERIDACEAE,鱗毛蕨科,,,,,,,,,,,,
28,Arachniodes globisora,臺灣複葉耳蕨,,Endemic,,,rank4,第三級,,,,,,
29,Crytomium fraxinellum ,網脈耳蕨,,,EN(II),,,,,,,,,
30,Cytomium taiwanianum,臺灣貫眾蕨,,Endemic,DD(Ⅴ),,rank4,第二級,,,,,,
31,Diacalpe aspidioides,紅線蕨,,,VU(Ⅵ),,,,稀有級,,,,,
32,Dryopteris enneaphylla var. pseudosieboldii,大頂羽鱗毛蕨,,,,,rank3,,,,,,,
33,Dryopteris yoroii,玉山假複葉耳蕨,,,DD(Ⅵ),,rank4,,,,,,,
34,Polystichum xiphophyllum,關山耳蕨,,,CR(Ⅴ),,,,,III,III,III,,
9,GLEICHENIACEAE,裏白科,,,,,,,,,,,,
35,Diplopterygium laevissimum,鱗芽裏白,,,,,,,稀有級,III,III,,,
10,GRAMMITIDACEAE,禾葉蕨科,,,,,,,,,,,,
36,Calymmodon cucullatus ,姬荷包蕨,,,VU(Ⅴ),,,,稀有級,III※,III※,III,,
37,Ctenopteris merrittii ,擬虎尾蒿蕨,,,CR(Ⅴ),,,,稀有級,,,,,
38,Calymmodon gracilis,疏毛荷包蕨,,,VU(Ⅴ),,,,,,,,,
39,Calymmodon tenuisecta,細葉蒿蕨,,,VU(Ⅴ),,,,稀有級,III,III,III,,
40,Ctenopteris mollicoma,南洋蒿蕨,,,,,,,稀有級,,,,,
41,Gammitis alepidota,無鱗禾葉蕨,,,CR(Ⅳ),,,,,,,,,
42,Gammitis nuda,長孢禾葉蕨,,Endemic,,第二級,rank2,,,,,,,
43,Grammitis adspera,無毛禾葉蕨,,,,,,,稀有級,III,III,III,,
44,Grammitis reinwardtii,毛禾葉蕨,,,VU(Ⅴ),,,,,,,,,
45,Scleropteris pusillum,革舌蕨,,,,,,,稀有級,III,III,III,,
11,HYMENOPHYLLACEAE,膜蕨科,,,,,,,,,,,,
46,Abrodictyum cumingii,長片蕨,,,VU(Ⅵ),,,,,,,,,
47,Trichomanes kurzii ,柯氏假脈蕨,,,NT(Ⅵ),,,,,,,,,
48,Trichomanes palmifolium ,變葉假脈蕨,,Endemic,,,rank4,第四級,,,,,,
49,Hymenophyllum devolii,臺灣膜蕨,,Endemic,,,rank4,第四級,,,,,,
50,Hymenophyllum taiwanense  ,臺灣蕗蕨,,,,,,第四級,,,,,,
51,Trichomanes bimarginatum ,叉脈單葉假脈蕨,,,CR(Ⅴ),,,,稀有級,III,III,III,,
52,Trichomanes motleyi ,短柄單葉假脈蕨,,,NT(Ⅴ),,,,,,,,,
53,Trichomanes nitidulum ,細口團扇蕨,,,VU(Ⅴ),,,,,,,,,
54,PTrichomanes pallidum ,毛葉蕨,,,VU(Ⅴ),,,,,,,,,
55,Trichomanes clathratum,窗格狀瓶蕨,,,CR(Ⅴ),,,,,,,,,
12,ISOETACEAE,水韭科,,,,,,,,,,,,
56,Isoetes taiwanensis ,臺灣水韭,,Endemic,CR(II),第一級,rank1,第一級,瀕危級,"I,III※",III※,III,,
13,LINDSAEACEAE,陵齒蕨科,,,,,,,,,,,,
57,Lindsaea heterophylla,異葉陵齒蕨,,,NT(Ⅵ),,,,,,,,,
58,Lindsaea securifolia var. kusukusensis,方柄陵齒蕨,,Endemic,,,rank3,第三級,,,,,,
59,Tapeinidium biserratum ,二羽達邊蕨,,,,,,,稀有級,III,III,III,,
14,LOMARIOPSIDACEAE,羅蔓藤蕨科,,,,,,,,,,,,
60,Bolbitis scalpturata,紅柄實蕨,,,VU(Ⅵ),,,,,,,,,
61,Elaphoglossum callifolium,銳頭舌蕨,,,VU(Ⅳ),,,,,,,,,
62,Elaphoglossum luzonicum,臺灣舌蕨,,,NT(Ⅳ),,,,,,,,,
15,LYCOPODIACEAE,石松科,,,,,,,,,,,,
63,Lycopodium annotinum,杉葉蔓石松,,,NT(Ⅵ),,,,,,,,,
64,Lycopodium fargesii,銳葉石松,,,NT(Ⅴ),,,,,,,,,
65,Lycopodium phlegmaria ,垂枝石松,,,EN(II),,,,稀有級,,,,,
66,Lycopodium savlinioides ,小垂枝石松,,,EN(II),,,,稀有級,,,,,
67,Lycopodium selago var. appressum,小杉葉石松,,,,,,,稀有級,,,,,
68,Lycopodium sieboldii,鱗葉石松,,,VU(Ⅵ),,,,,,,,,
69,Lycopodium squarrosum,杉葉石松,,,VU(Ⅴ),,,,稀有級,III,II,II,,
70,Lycopodium taiwanense,臺灣石松,,,,,,第四級,,,,,,
16,MARATTIACEAE,觀音座蓮舅科,,,,,,,,,,,,
71,Archangiopteris somai ,臺灣原始觀音座蓮,,Endemic,EN(II),第一級,rank1,第一級,,,,,,
72,Marattia pellucida,觀音座蓮舅,,,,,,,稀有級,III,III,III,,
17,ONOCLEACEAE,球子蕨科,,,,,,,,,,,,
73,Matteuccia orientalis,東方莢果蕨,,,,,,,稀有級,III,III,III,,
18,OPHIOGLOSSACEAE,瓶爾小草科,,,,,,,,,,,,
74,Botrychium lunaria ,扇羽陰地蕨,,,cd(II),,,,稀有級,,,,,
75,Helminthostachys zeylanica ,錫蘭七指蕨,,,EN(II),,,,漸危級,"II,III※",III※,III,,
19,OSMUNDACEAE,紫萁科,,,,,,,,,,,,
76,Osmunda cinnamomea,分株假紫萁,,,,,,,,III,III,III,,
77,Osmunda claytoniana,绒假紫萁,,,,,,,稀有級,,,,,
20,POLYPODIACEAE,水龍骨科,,,,,,,,,,,,
78,Aglaomorpha meyeniana ,連珠蕨　,,,VU(II),第一級,,,稀有級,I,I,I,,
79,Belvisia mucronata ,尖嘴蕨,,,CR(II),,,,稀有級,III,III,III,,
80,Loxogramme biformis,二形劍蕨,,,,,,第二級,稀有級,III,III,III,,
81,Phymatosorus longissimus ,水社擬茀蕨,,,,,,,稀有級,III,III,III,,
82,Phymatosorus nigrescens ,薄葉擬茀蕨,,,CR(II),,,,,,,,,
83,Polypodium microrhizoma,栗柄水龍骨,,,VU(Ⅵ),,,,,,,,,
21,PTERIDACEAE,鳳尾蕨科,,,,,,,,,,,,
84,Cheilanthes hirsuta ,毛碎米蕨,,,NT(Ⅵ),,,,,,,,,
85,Cryptogramma stelleri ,疏葉珠蕨,,,VU(II),,,,,,,,,
86,Onychium siliculosum,金粉蕨,,,NT(Ⅵ),,,,,,,,,
87,Pteris angustipinna,細葉鳳尾蕨,,Endemic,,,rank4,第四級,,,,,,
88,Pteris bella,長柄鳳尾蕨,,Endemic,,,rank3,第三級,,,,,,
89,Pteris deltodon,岩鳳尾蕨,,,NT(Ⅳ),,,,,,,,,
90,Pteris ryukyuensis,琉球鳳尾蕨,,,NE(Ⅳ),,,,,,,,,
91,Pteris venusta,爪哇鳳尾蕨,,,VU(Ⅴ),,,,,,,,,
22,SALVINIACEAE,槐葉萍科,,,,,,,,,,,,
92,Salvinia natans ,槐葉蘋,,,CR(II),,,,漸危級,,,,,
23,SCHIZAEACEAE,海金沙科,,,,,,,,,,,,
93,Schizaea dichotoma ,分枝莎草蕨,,,CR(II),,,,稀有級,III,III,III,,
94,Schizaea digitata,莎草蕨,,,,,,,稀有級,III,III,III,,
24,SELAGINELLACEAE,卷柏科,,,,,,,,,,,,
95,Selaginella boninensis,小笠原卷柏,,,NT(Ⅵ),,,,稀有級,III,III,III,,
96,Selaginella nipponica,日本卷柏,,,DD(Ⅴ),,,,稀有級,III,III,III,,
97,Selaginella pseudonipponica,擬日本卷柏,,,NT(Ⅴ),,,第二級,,,,,,
25,THELYPTERIDACEAE,金星蕨科,,,,,,,,,,,,
98,Cyclosorus ensifer,廣葉毛蕨,,Endemic,,,rank3,,,,,,,
99,Cyclosorus interruptus ,毛蕨,,,VU(II),,,,,,,,,
100,Pseudocyclosorus tylodes,疣狀假毛蕨,,,EN(Ⅴ),,,,,,,,,
101,Stegnogramma dictyoclinoides,溪邊蕨,,,VU(Ⅵ),,,,稀有級,,,,,
26,VITTARIACEAE,書帶蕨科,,,,,,,,,,,,
102,Antrophyum sessilifolium,蘭嶼車前蕨,,,LC(Ⅳ),,,,稀有級,III,III,III,,
103,Monogramma paradoxa ,連抱一條線蕨,,,VU(Ⅵ),,,,,,,,,
104,Vittaria mediosora,細葉書帶蕨,,,VU(Ⅳ),,,第四級,,,,,,
27,AMENTOTAXACEAE,穗花杉科,,,,,,,,,,,,
105,Amentotaxus formosana ,臺灣穗花杉,,Endemic,EN(I),第二級,rank2,第一級,瀕危級,"I,III※","I,III※","I,III",A B E,PR HR EP
28,CEPHALOTAXACEAE,粗榧科,,,,,,,,,,,,
106,Cephalotaxus wilsoniana ,臺灣粗榧,,Endemic,EN(I),第三級,rank3,第三級,漸危級,I,I,I,C E,HR MP
29,CUPRESSACEAE,柏科,,,,,,,,,,,,
107,Calocedrus macrolepis var. formosana ,臺灣肖楠,,Endemic,EN(I),第二級,rank2,第三級,稀有級,,,,A E B,EP HR PR MP
108,Chamaecyparis formosensis ,紅檜,,Endemic,VU(I),,,,,,,,,
109,Chamaecyparis obtusa var. formosana ,臺灣扁柏,,Endemic,VU(I),,rank3,,,,,,,
110,Juniperus chinensis  var. tsukusiensis ,清水圓柏,,Endemic,CR(I),,rank1,第四級,漸危級,III,III,III,A,HR OP
111,Juniperus formosana var. condolor,綠背刺柏 ,,,,,,,,,,,A E,HR
30,CYCADACEAE,蘇鐵科,,,,,,,,,,,,
112,Cycas taitungensis ,臺東蘇鐵,,Endemic,CR(I),第二級,rank2,第一級,瀕危級,"II,III","I,III","I,III",A,OP MP
31,PINACEAE,松科,,,,,,,,,,,,
113,Keteleeria davidiana  var. formosana ,臺灣油杉,,Endemic,CR(I),,rank1,第一級,瀕危級,"I,III※","I,III※","I,III",A B E,PR HRP MP
114,Picea morrisonicola ,臺灣雲杉,,Endemic,VU(I),,,,,,,,,
115,Pinus massoniana,馬尾松,,,,,,,漸危級,,,,C,PR HR MP
116,Pinus morrisonicola,臺灣五葉松,,Endemic,,,,,漸危級,,,,,
117,Pseudotsuga wilsoniana ,臺灣黃杉,,Endemic,VU(II),第三級,rank3,,,,,,CE,HR EP
32,PODOCARPACEAE,羅漢松科,,,,,,,,,,,,
118,Nageia nagi ,竹柏,,,CR(I),,,,漸危級,,,,,
119,Negeia fleuryi,長葉竹柏,,,,,,,漸危級,,,,,
120,Podocarpus costalis ,蘭嶼羅漢松,,,CR(I),,,,瀕危級,"II,III※","I,III※","I,III※",A,HR OP
121,Podocarpus fasciculus ,叢花百日青,,Endemic,EN(I),,rank2,,,,,,,
122,Podocarpus formosensis,臺灣竹柏,,,,,,,漸危級,,,,,
123,Podocarpus macrophyllus ,大葉羅漢松,,,VU(II),,,,,,,,,
124,Podocarpus macrophyllus var. maki ,小葉羅漢松,,,EN(I),,,,,,,,,
125,Podocarpus nakaii ,桃實百日青,,Endemic,EN(I),第二級,rank2,第二級,漸危級,,,,,
126,Podocarpus neriifolius,百日青,,,,,,,漸危級,,,,,
33,TAXACEAE,紅豆杉科,,,,,,,,,,,,
127,Taxus sumatrana ,臺灣紅豆杉,,,EN(I),,,,漸危級,"I,II※","I,II","I,II",C,PR HR EP
34,TAXODIACEAE,杉科,,,,,,,,,,,,
128,Cunninghamia konishii ,巒大杉,,Endemic,VU(I),,rank3,,,,,,CE,EP HR MP
129,Taiwania cryptomerioides ,臺灣杉,,Endemic,EN(I),,rank4,第三級,漸危級,"I,II","I,II","I,II",B C E,HR EP PR
35,ACANTHACEAE,爵床科,,,,,,,,,,,,
130,Asystasiella neesiana,尼氏擬馬偕花,,,VU(Ⅵ),,,,,,,,,
131,Hemigraphis primulifolia,恆春半插花,,,VU(Ⅳ),,,,,,,,,
132,Hemigraphis reptans,匍匐半插花,,,VU(Ⅳ),,,,,,,,,
133,Hygrophila lancea,水蓑衣,,,,,,,稀有級,I※,I※,I※,,
134,Hygrophila pogonocalyx,大安水蓑衣,,Endemic,EN(Ⅳ),,rank1,第一級,,,,,,
135,Hygrophila polysperma,小獅子草,,,,,,,稀有級,I,I,I,,
136,Justicia procumbens var. hayatae,早田氏爵床,,Endemic,,,rank2,,,,,,,
137,Justicia procumbens var. hirsuta,密毛爵床,,Endemic,,,rank2,,,,,,,
138,Justicia procumbens var. linearifolia,狹葉爵床,,Endemic,,第二級,rank2,,,,,,,
139,Justicia quadrifaria,花蓮爵床,,,VU(Ⅳ),,,,,,,,,
140,Kudoacanthus albonervosa,銀脈爵床,,Endemic,,第三級,rank3,第三級,,,,,,
141,Lepidagathis stenophylla,柳葉鱗球花,,Endemic,,第二級,rank2,,,,,,,
142,Staurogyne debilis,菲律賓哈哼花,,,VU(Ⅵ),,,,,,,,,
36,ACERACEAE,槭樹科,,,,,,,,,,,,
143,Acer buergerianum  var. formosanum ,臺灣三角楓,EN,Endemic,CR(I),,rank1,第一級,稀有級,"I,III","I,III","I,III",C,HR EP
37,ACTINIDIACEAE,獼猴桃科,,,,,,,,,,,,
144,Actinidia arguta,軟棗獼猴桃,VU,,VU(Ⅲ),,,,,,,,,
38,AMARANTHACEAE,莧科,,,,,,,,,,,,
145,Celosia taitoensis,台東青葙,,Endemic,,,rank4,第四級,,,,,,
146,Philoxerus wrightii,安旱草,,,VU(Ⅲ),,,,,,,,,
39,ANACARDIACEAE,漆樹科,,,,,,,,,,,,
147,Buchanania arborescens,山羨子,NT,,,,,,,,,,A,HR
148,Rhus hypoleuca,裏白漆,VU,,,,,,稀有級,III,III,III,,
149,Semecarpus cuneiformis,鈍葉大果漆,CR,,,,,,稀有級,III,,,,
40,ANNONACEAE,番荔枝科,,,,,,,,,,,,
150,Goniothalamus amuyon,恆春哥納香,CR,,CR(I),,,,漸危級,"I,III",I,I,A B ,HR MP
41,APOCYNACEAE,夾竹桃科,,,,,,,,,,,,
151,Alyxia taiwanensis ,臺灣念珠藤,NT,Endemic,EN(I),,,第一級,稀有級,III,III,III,,
152,Alyxiz insularis,念珠藤,VU,,VU(Ⅳ),,,,,,,,A E,HR
153,Tabernaemontana dichotoma,蘭嶼馬蹄花,NT,,,,,,,,,,A E,HR
154,Tobernaemontana pandacaqui,南洋馬蹄花,VU,,NE(Ⅳ),,,,,,,,,
42,AQUIFOLIACEAE,冬青科,,,,,,,,,,,,
155,Ilex crenata,假黃楊,NT,,,,,,稀有級,III,,,,
156,Ilex kusanoi,草野氏冬青,NT,,,,,,稀有級,III,,,,
157,Ilex lonicerifolia ,忍冬葉冬青,NT,Endemic,,,rank3,,,,,,,
158,Ilex rarasanensis,拉拉山冬青,,Endemic,,,rank3,,,,,,,
159,Ilex taiwanensis,長梗花冬青,,,,,,,稀有級,III,,,,
43,ARALIACEAE,五加科,,,,,,,,,,,,
160,Boerlagiodendron pectinatum,蘭嶼八角金盤,NT,,,,,,,,,,A,HR
161,Dendropanax trifidus,三菱果樹參,CR,,,,,,,,,,A,
162,Pentapanax castanopsisicola ,臺灣五葉參,NT,Endemic,EN(I),,rank3,第三級,稀有級,III,III,III,,
163,Schefflera arboricola,鵝掌蘗,VU,,,,,,,,,,C,HR OP
164,Sinopanax papyriferus,華參,NT,Endemic,,,rank3,第二級,稀有級,III,,,,
44,ARISTOLOCHIACEAE,馬兜鈴科,,,,,,,,,,,,
165,Aristolochia cucurbitifolia,瓜葉馬兜鈴,,Endemic,VU(Ⅲ),,,第三級,,,,,,
166,Aristolochia foreolata  ,高氏馬兜鈴,,,,,,,,"I,III",I,I,,
167,Aristolochia zollingeriana ,港口馬兜鈴,,,EN(II),,,,稀有級,"I,III※",I※,I※,A,
168,Asarum crassusepalum,鴛鴦湖細辛,,Endemic,EN(Ⅲ),,rank4,第四級,,,,,,
169,Asarum epigynum,上花細辛,,,VU(Ⅵ),,,,,,,,,
170,Asarum hypogynum,下花細辛,,Endemic,VU(Ⅵ),第二級,rank2,,,,,,,
171,Asarum taipingshanianum,太平山細辛,,Endemic,VU(Ⅵ),,,第四級,,,,,,
45,ASCLEPIADACEAE,蘿藦科,,,,,,,,,,,,
172,Cynanchum lanhsuense,蘭嶼牛皮消,NT,Endemic,VU(Ⅳ),,rank4,第二級,稀有級,,,,A E,HR
173,Jasminanthes mucronata,舌瓣花,VU,,EN(Ⅳ),,,,稀有級,III※,III※,III※,A,HR
174,Telosma pallida,夜香花,EN,,,,,,稀有級,III,III,III,A,HR
175,Tylophora taiwanensis,臺灣鷗蔓,NT,Endemic,VU(Ⅴ),第四級,rank4,,,,,,,
46,BALANOPHORACEAE,蛇菰科,,,,,,,,,,,,
176,Balanophora fungosa ,粗穗蛇菰,VU,,VU(I),,,,稀有級,III,III,III,,
177,Balanophora wrightii ,海桐生蛇菰,VU,,VU(I),,,,稀有級,III ※,III ※,III ※,,
47,BALSAMINACEAE,鳳仙花科,,,,,,,,,,,,
178,Impatiens devolii ,棣慕華鳳仙花,待討論,Endemic,VU(II),第二級,rank2,第一級,,III※,III※,III,,
179,Impatiens tayemonii,黃花鳳仙花,待討論,Endemic,,第三級,rank3,第三級,稀有級,III,III,III,,
48,BEGONIACEAE,秋海棠科,,,,,,,,,,,,
180,Begonia austrotaiwanensis,南臺灣秋海棠,,Endemic,VU(Ⅵ),第三級,rank3,,稀有級,,,,,
181,Begonia fenicis,蘭嶼秋海棠,待討論,,VU(Ⅵ),,,,,,,,A,HR
182,Begonia lukuana,鹿谷秋海棠,,Endemic,VU(Ⅵ),,rank3,,,,,,,
183,Begonia ravenii,岩生秋海棠,待討論,Endemic,NT(Ⅵ),,rank3,,,,,,,
49,BERBERIDACEAE,小蘗科,,,,,,,,,,,,
184,Berberis aristatoserrulata,長葉小蘗,VU,Endemic,VU(Ⅲ),,rank3,,,,,,,
185,Berberis tarokoensis ,太魯閣小蘗,VU,Endemic,VU(II),,rank2,第二級,,,,,,
186,Dysosma pleiantha ,八角蓮,NT,,VU(I),,,,漸危級,II,II,II,C D,MP HR
187,Mahonia japonica,十大功勞,VU,,,,,,,,,,C E,HR OP MP
188,Mahonia oiwakensis,阿里山十大功勞,NT,Endemic,,,,第三級,稀有級,,,,C,HR MP
50,BORAGINACEAE,紫草科,,,,,,,,,,,,
189,Coldenia procumbens,臥莖同籬生果草,CR,,,,,,稀有級,I,I,I,,
190,Cordia aspera subsp. kanehirai,金平氏破布子,CR,,VU(Ⅳ),,,,,,,,,
191,Cynoglossum alpestre,高山倒提壺,NT,Endemic,,第二級,rank2,,,,,,,
192,Lithospermum zollingeri ,梓木草,VU,,VU(II),,,,,,,,,
193,Trigonotis nankotaizanensis,南湖附地草,NT,Endemic,,,rank2,,,,,,,
51,BUXACEAE,黃楊科,,,,,,,,,,,,
194,Buxus liukiuensis ,琉球黃楊,NT,,VU(II),,,,稀有級,,,,C E,HR EP
195,Buxus microphylla  subsp. sinica var. tarokoensis ,太魯閣黃楊,VU,Endemic,EN(II),,rank4,,,,,,,
196,Pachysandra axillaris,三角咪草,,,,,,,稀有級,III,III,III,,
197,Sarcococca saligna ,柳狀野扇花,NT,,EN(I),,,,稀有級,III,III,III,C,HR
52,CAPPARACEAE,山柑科,,,,,,,,,,,,
198,Capparis floribunda ,多花山柑,VU,,CR(I),,,,漸危級,III,,,,
199,Capparis pubiflora,毛花山柑,VU,,,,,,,,,,A,HR
200,Capparis sikkimensis subsp. formosana ,山柑,NT,,VU(II),,,,,,,,,
53,CAPRIFOLIACEAE,忍冬科,,,,,,,,,,,,
201,Abelia chinensis var. ionandra,臺灣糯米條,VU,Endemic,VU(Ⅳ),,rank3,,,,,,,
202,Lonicera apodantha,短梗忍冬,NT,Endemic,LC(Ⅳ),,,,,,,,,
203,Lonicera kawakamii,川上氏忍冬,NT,Endemic,NT(Ⅳ),,rank3,,稀有級,,III,III,,
204,Lonicera oiwakensis ,追分忍冬,VU,Endemic,EN(I),,rank3,第二級,稀有級,III,III,III,,
205,Viburnum plicatum var. formosanum,臺灣蝴蝶戲珠花,NT,Endemic,,,rank3,第三級,稀有級,III,,,,
54,CARYOPHYLLACEAE,石竹科,,,,,,,,,,,,
206,Dianthus palinensis,巴陵石竹,,Endemic,,,rank4,,,,,,,
207,Silene glabella,南湖大山蠅子草,,Endemic,,,rank4,,,,,,,
55,CECROPIACEAE,錐頭麻科,,,,,,,,,,,,
208,Poikilospermum acuminatum,錐頭麻,CR,,,,,,,,,,A,HR
56,CELASTRACEAE,衛矛科,,,,,,,,,,,,
209,Euonymus cochinchinensis,交趾衛矛,NT,,NT(Ⅲ),,,,,,,,,
210,Euonymus japonicus,日本衛矛,CR,,EN(Ⅲ),,,,,,,,,
211,Euonymus morrisonensis,玉山衛矛,CR,Endemic,EN(I),,,第三級,稀有級,III,III,III,,
212,Euonymus pallidifolia ,淡綠葉衛矛,EN,Endemic,CR(I),,rank1,第一級,稀有級,III,III,III,A E,HR
213,Euonymus trichocarpus,卵葉刺果衛矛,NT,Endemic,VU(Ⅲ),,rank3,,,,,,,
214,Maytenus emarginata,蘭嶼裸實,NT,,,,,,稀有級,III,III,,,
215,Tripterygium wilfordii ,雷公藤,NT,,VU(I),,,,稀有級,"II,III",II,II,,
57,COMBRETACEAE,使君子科,,,,,,,,,,,,
216,Lumnitzera racemosa ,欖李,NT,,EN(I),,,,瀕危級,I,I,I,A,HR
58,COMPOSITAE,菊科,,,,,,,,,,,,
217,Ainsliaea secundiflora,中原氏鬼督郵,,Endemic,VU(Ⅴ),第二級,rank2,,,,,,,
218,Aster chingsuiensis,清水馬蘭,,Endemic,NT(Ⅴ),,rank2,第二級,稀有級,III,,,,
219,Aster itsunboshi,大武山紫菀,待討論,Endemic,,,rank4,第四級,,,,,,
220,Aster morrisonensis,玉山鐵桿蒿,待討論,Endemic,,,rank1,,,,,,,
221,Aster ovalifolius,臺灣紺菊,待討論,Endemic,,,rank1,,,,,,,
222,Aster shimadai,島田氏雞兒腸,,,VU(Ⅴ),,,,,,,,,
223,Aster takasagomontanus,雪山馬蘭,,Endemic,NT(Ⅳ),第二級,rank2,第三級,稀有級,,,,,
224,Aster taoyuenensis,桃園馬蘭,,Endemic,VU(Ⅴ),第一級,rank1,,,,,,,
225,Blumea conspicua,大花艾納香,,,VU(Ⅴ),,,,,,,,,
226,Blumea linearis,狹葉艾納香,,Endemic,NE(Ⅴ),,rank3,,,,,,,
227,Cirsium lineare,華蓟,,,EN(Ⅴ),,,,,,,,,
228,Cirsium morii,森氏蓟,,Endemic,LC(Ⅴ),,rank2,,,,,,,
229,Dendranthema horaimontana,蓬萊油菊,,Endemic,CR(Ⅴ),,rank1,,,,,,,
230,Dendranthema morii,森氏菊,,Endemic,NT(Ⅳ),,rank2,第二級,稀有級,,,,,
231,Eupatorium clematideum var. gracillimum,高士佛澤蘭,,,,,rank2,,,,,,,
232,Gerbera anandria,大丁草,,,EN(Ⅴ),,,,,,,,,
233,Gynura elliptica,蘭嶼木耳菜,,Endemic,LC(Ⅴ),,rank2,,,,,,,
234,Ligularia japonica,大吳風草,,,VU(Ⅳ),,,,,III,III,III,,
235,Ligularia kojimae,高山橐吾,,Endemic,,,rank2,第一級,,,,,,
236,Parasenecio monantha,高山蟹甲草,,,VU(Ⅴ),,,,,,,,,
237,Parasenecio nokoensis,能高蟹甲草,,Endemic,,,rank1,,,,,,,
238,Pertya simozawai,半高野帚,,Endemic,EN(Ⅴ),,rank1,,,,,,,
239,Pluchea pteropoda,光梗闊苞菊,,,,,,,稀有級,III,III,III,,
240,Saussurea glandulosa,高山青木香,,Endemic,,,rank3,,,,,,,
241,Saussurea kanzanensis,關山青木香,,Endemic,VU(Ⅴ),,rank2,第一級,,,,,,
242,Saussurea kiraisanensis,奇萊青木香,,Endemic,,,rank1,,,,,,,
243,Senecio crataegifolius,小蔓黃菀,,Endemic,,第三級,rank3,,,,,,,
244,Senecio tarokoensis,太魯閣千里光,,Endemic,EN(Ⅴ),,rank1,,,,,,,
245,Syneilesis intermedia,臺灣破傘菊,待討論,Endemic,,,rank1,,,,,,,
246,Syneilesis subglabrata,高山破傘菊,,Endemic,VU(Ⅴ),,rank2,,,,,,,
247,Taraxacum formosanum,臺灣蒲公英,,,EN(Ⅴ),,,,,,,,,
248,Tephroseris taitoensis,臺灣狗舌草,待討論,Endemic,,,rank1,,,,,,,
249,Vernonia maritima,濱斑鳩菊,,,VU(Ⅳ),,,,稀有級,III,,,,
59,CONVOLVULACEAE,旋花科,,,,,,,,,,,,
250,Argyreia formosana,鈍葉朝顏,,Endemic,,,rank3,,,,,,,
251,Ipomoea imperati,厚葉牽牛,,,,,,,稀有級,,,,,
252,Hewittia sublobata,吊鐘藤,NT,,,,,,,III,III,III,,
60,CORNACEAE,山茱萸科,,,,,,,,,,,,
253,Cornus controversa,燈台樹,NT,,,,,,,,,,C,HR
61,CRASSULACEAE,景天科,,,,,,,,,,,,
254,Hylotelephium subcapitatum,穗花八寶,,Endemic,,,rank3,,,,,,,
255,Sedum microsepalum,小萼佛甲草,,Endemic,,,rank3,,,,,,,
256,Sedum sekiteiense,石碇佛甲草,,Endemic,,第二級,rank2,第三級,,,,,,
257,Sedum uniflorum,疏花佛甲草,,,,,,,稀有級,,,,,
62,CRUCIFERAE,十字花科,,,,,,,,,,,,
258,Barbarea taiwaniana,臺灣山芥菜,,Endemic,,,rank1,,,,,,,
259,Draba sekiyana,臺灣山薺,,Endemic,,,rank3,,稀有級,,,,,
63,CUCURBITACEAE,葫蘆科,,,,,,,,,,,,
260,Saraitia taiwaniana,臺灣羅漢果,,,VU(Ⅵ),,rank3,第一級,,,,,,
64,DIAPENSIACEAE,岩梅科,,,,,,,,,,,,
261,Shortia rotundifolia ,裂緣花,NT,,,,,,稀有級,,,,,
262,Shortia rotundifolia var. ritoensis,李棟山裂緣花,NT,,,,rank4,,,,,,,
263,Shortia rotundifolia var. subcordata,圓葉裂緣花,NT,,,第四級,rank4,,,,,,,
264,Shortia rotundifolia var. transalpina,高山裂緣花,NT,,,,rank4,,,,,,,
65,DROSERACEAE,茅膏菜科,,,,,,,,,,,,
265,Drosera burmannii,金錢草,NT,,,,,,稀有級,I,I,I,,
266,Drosera indica ,長葉茅膏菜,VU,,EN(I),,,,稀有級,I,I,I,,
267,Drosera peltata,茅膏菜,NT,,,,,,稀有級,I,I,I,,
66,EBENACEAE,柿樹科,,,,,,,,,,,,
268,Diospyros discolor,毛柿,NT,,EN(I),,,,漸危級,"I,II,III","I,II,III","I,II,III",D,HR EP
269,Diospyros ferrea,象牙樹,NT,,EN(I),,,,稀有級,"II,III","II,III","II,III",A,HR EP
270,Diospyros kotoensis,蘭嶼柿,CR,Endemic,,第二級,rank2,第一級,稀有級,,,,A,HR
271,Diospyros rhombifolia,菱葉柿,VU,,VU(Ⅵ),,,,,,,,,
272,Diospyros vaccinioides ,楓港柿,EN,,CR(I),,,,漸危級,,,,,
67,ELAEAGNACEAE,胡頹子科,,,,,,,,,,,,
273,Elaeagnus ohashii,大橋胡頹子,CR,Endemic,,,rank2,,,,,,,
274,Elaeagnus tarokoensis ,太魯閣胡頹子,VU,Endemic,VU(II),,rank2,第二級,,,,,,
275,Elaeagnus triflora ,菲律賓胡頹子,NT,,VU(II),,,,,,,,,
68,ELAEOCARPACEAE,杜英科,,,,,,,,,,,,
276,Elaeocarpus sphaericus var. hayatae,球果杜英,NT,,,,rank4,第四級,,,,,,
277,Elaeocarpus sylvestris var. lanyuensis,蘭嶼杜英,VU,,,,rank4,第四級,,,,,,
69,ERICACEAE,杜鵑花科,,,,,,,,,,,,
278,Enkianthus perulatus,臺灣吊鐘花,VU,,VU(Ⅳ),,,,稀有級,III,III,III,A,HR
279,Rhododendron chilanshanense,棲蘭山杜鵑,VU,Endemic,,,rank4,,,,,,,
280,Rhododendron hyperythrum,紅星杜鵑,,Endemic,,,,第四級,漸危級,"II,III※","II,III",,C E,HR OP
281,Rhododendron kanehirai ,烏來杜鵑,EW,Endemic,EW(I),,rank1,第一級,瀕危級,"I,III※","I,III",,A E,HR OP
282,Rhododendron kawakamii,著生杜鵑,NT,Endemic,VU(Ⅳ),第三級,rank3,,稀有級,,,,C E,HR OP
283,Rhododendron longiperulatum,大屯杜鵑,,Endemic,,,,第四級,稀有級,,,,A E,HR OP
284,Rhododendron nakaharai,中原氏杜鵑,,Endemic,,,,第四級,稀有級,,,,A E,HR OP
285,Rhododendron ovatum ,馬銀花,,,nt(II),,,,稀有級,,,,C,HR OP
286,Rhododendron ovatum var. lamprophyllum,長卵葉馬銀花,NT,Endemic,,,rank4,第二級,,,,,,
287,Rhododendron simsii ,唐杜鵑,NT,,VU(II),,,,稀有級,,,,A,HR OP
288,Rhododendron tashroi,大武杜鵑,VU,,,,,第四級,稀有級,,,,A,HR OP
289,Vaccinium kengii,鞍馬山越橘,NT,Endemic,,,rank4,,,,,,,
70,EUPHORBIACEAE,大戟科,,,,,,,,,,,,
290,Acalypha brachystachya,短序鐵莧菜,,,VU(Ⅵ),,,,,,,,,
291,Acalypha matudae,恆春鐵莧,,Endemic,,,rank2,第二級,,,,,,
292,Acalypha suirenbiensis,花蓮鐵莧,,Endemic,,,rank3,第三級,稀有級,III,,,,
293,Antidesma hiiranense,南仁五月茶,,Endemic,,,rank2,,,,,,,
294,Chamaesyce  garanbiensis,鵝鑾鼻大戟,,Endemic,,第二級,rank2,第四級,稀有級,III,III,III,,
295,Chamaesyce taihsiensis,臺西大戟,,Endemic,LC(Ⅲ),,rank4,第四級,,,,,,
296,Claoxylon brachyandrum,假鐵莧,,,,,,,稀有級,,,,A,HR
297,Drypetes karapinensis,交力坪鐵色,,Endemic,VU(Ⅲ),,,,,,,,,
298,Drypetes littoralis,鐵色,,,VU(Ⅲ),,,,,,,,,
299,Euphorbia formosana,臺灣大戟,,Endemic,,,,,稀有級,II,II,II,,
300,Euphorbia jolkini ,岩大戟,,,VU(II),,,,,,,,,
301,Euphorbia shouanensis,霞山大戟,,Endemic,,,rank4,第四級,,,,,,
302,Euphorbia tarokoensis,太魯閣大戟,,Endemic,,,rank2,第二級,稀有級,,,,,
303,Excoecaria agallocha,土沉香,,,EN(Ⅲ),,,,稀有級,III,,,,
304,Excoecaria formosana,臺灣土沉香,,,NT(Ⅵ),,,,,,,,,
305,Excoecaria kawakamii,蘭嶼土沉香,,Endemic,VU(Ⅲ),第二級,rank2,第二級,,,,,A E,HR
306,Glochidion puberum,紅毛饅頭果,,,VU(Ⅲ),,,,,,,,,
307,Liodendron formosanum,臺灣假黃楊,,Endemic,NT(Ⅲ),第三級,rank3,,,,,,C E,HR
308,Macaranga sinensis,紅肉橙蘭,,,CD(Ⅲ),,,,,,,,,
309,Mallotus tiliifolius ,椴葉野桐,,,EN(I),,,,稀有級,,,,,
310,Margaritaria indica,紫黃,,,VU(Ⅲ),,,,,,,,,
71,FAGACEAE,殼斗科,,,,,,,,,,,,
311,Castanopsis indica,印度苦櫧,NT,,NT(Ⅲ),,,,,,,,A,HR EP
312,Castanopsis kusanoi,細刺苦櫧,NT,Endemic,,,rank4,,,,,,,
313,Cyclobalanopsis glauca var. kuyuensis,谷園青剛櫟,,Endemic,,,,第四級,,,,III,A E,HR EP
314,Cyclobalanopsis hypophaea,灰背櫟,VU,Endemic,,,rank2,第二級,,,,,A E,HR
315,Cyclobalanopsis myrsinaefolia,黑櫟,,,,,,,,,,,A,HR
316,Cyclobalanopsis repandifolia,波葉櫟,VU,Endemic,,,rank1,第一級,漸危級,"I,III","I,III",,A E,HR EP
317,Lithocarpus nantoensis,南投石櫟,NT,Endemic,VU(Ⅲ),,rank2,第二級,,,,,,
318,Lithocarpus shinsuiensis,浸水營石櫟,VU,Endemic,EN(Ⅲ),,rank2,第一級,,,,,A E,HR EP
319,Pasania chiaratuangensis ,加拉段柯,VU,,EN(I),,,,漸危級,"I,III※","I,III※",,,
320,Pasania dodonaeifolia,柳葉柯,VU,Endemic,VU(I),第二級,rank2,第二級,漸危級,"I,III","I,III",,,
321,Pasania formosana,臺灣柯,NT,Endemic,CR(I),第二級,rank2,第二級,稀有級,III,III,,A E ,HR EP
322,Quercus aliena var. acuteserrata,槲櫟,EN,,,,,,絕滅級,"I,III※△","I,III",,A,HR EP
323,Quercus dentata ,槲樹,NT,,VU(I),,,,絕滅級,"II,III※△","I,III",,,
324,Quercus glandulifera var. brevipetiolata ,思茅櫧櫟,VU,,EN(I),,,,,"II,III※","II,III※",,A,HR EP
72,FLACOURTIACEAE,大風子科,,,,,,,,,,,,
325,Flacourtia rukam,羅庚梅,NT,,VU(Ⅴ),,,,,,,,A,HR
326,Homalium cochinchinensis,天料木,NT,,,,,,稀有級,III,III,III,,
73,GENTIANACEAE,龍膽科,,,,,,,,,,,,
327,Gentiana horaimontana,高山龍膽,EN,Endemic,EN(Ⅲ),,rank2,第二級,,,,,,
328,Gentiana itzershanensis,伊澤山龍膽,VU,Endemic,EN(Ⅲ),,rank2,第二級,,,,,,
329,Gentiana kaohsiungensis,高雄龍膽,NT,Endemic,,,rank4,,,,,,,
330,Gentiana tarokoensis,太魯閣龍膽,CR,Endemic,,,rank1,第一級,,,,,,
331,Gentiana tatakensis,塔塔加龍膽,VU,Endemic,EN(Ⅲ),,rank2,第二級,,,,,,
332,Gentiana tentyoensis,厚葉龍膽,CR,Endemic,CR(Ⅲ),,rank1,第一級,稀有級,III,III,III,,
333,Gentiana tenuissima,臺東龍膽,NT,Endemic,EN(Ⅲ),,rank2,第二級,,,,,,
334,Lomatogonium chilaiensis,奇萊肋柱花,CR,Endemic,,第一級,rank1,,,,,,,
335,Nymphoides coreana,小莕菜,NT,,EN(Ⅳ),,,,,I,I,,,
336,Nymphoides lungtanensis,龍潭莕菜,CR,Endemic,,,rank4,,,,,,,
337,Nymphoides peltata,金蓮花,EW,,EW(Ⅳ),,,,稀有級,I※※,I※※,I※※,,
338,Pterygocalyx volubilis,翼萼蔓,VU,,EN(Ⅲ),,,,,,,,,
339,Swertia arisanensis,阿里山當藥,VU,Endemic,,,rank3,,,,,,,
340,Swertia shintenensis,新店當藥,NT,Endemic,,第三級,rank3,,,,,,,
341,Tripterospermum cordifolium,高山肺形草,VU,Endemic,,,,第三級,,,,,,
342,Tripterospermum microphyllum,小葉雙蝴蝶,NT,Endemic,,第三級,rank3,第三級,,,,,,
74,GERANIACEAE,牻牛兒苗科,,,,,,,,,,,,
343,Geranium wilfordii,老鸛草,NT,,,,,,稀有級,III,,,,
75,GESNERIACEAE,苦苣苔科,,,,,,,,,,,,
344,Chirita anachoreta,雙心皮草,待討論,,VU(Ⅳ),,,,,,,,,
345,Conandron ramondioidae,苦苣苔,待討論,,NT(Ⅳ),,,,,,,,,
346,Cyrtandra umbellifera,雄胞囊草,,,VU(Ⅳ),,,,稀有級,III,III,,A,HR
347,Epithema taiwanensis ,臺灣苣苔,,Endemic,,第二級,rank2,,,,,,,
348,Epithema taiwanensis var. fasciculate,密花苣苔,,,VU(Ⅴ),,,,,,,,,
349,Lysionotus pauciflorus var. ikedae,蘭嶼石吊蘭,,Endemic,VU(Ⅳ),,rank1,第一級,稀有級,"I,III ※",III ※,III,,
350,Rhynchotechum formosanum,蓬萊同蕊草,,Endemic,VU(Ⅳ),,,,稀有級,III,III,III,,
351,Whytockia sasakii,玉鈴花,待討論,Endemic,LC(Ⅳ),,rank3,,,,,,,
76,GOODENIACEAE,草海桐科,,,,,,,,,,,,
352,Scaevola hainanensis,海南草海桐,EN,,CR(Ⅲ),,,,稀有級,"I,III",I,I,A,HR
77,GUTTIFERAE,金絲桃科,,,,,,,,,,,,
353,Calophyllum blancoi,蘭嶼胡桐,CR,,EN(Ⅲ),,,,,,,,A E,HR
354,Garcinia linii,蘭嶼福木,NT,Endemic,,第三級,rank1,第一級,稀有級,III,III,III,A E,HR EP
355,Hypericum formosanum ,臺灣金絲桃,NT,Endemic,VU(I),第三級,rank3,第三級,稀有級,III,III,,,
356,Hypericum nakamurai ,清水金絲桃,VU,Endemic,VU(I),,rank2,第二級,稀有級,III,III,,,
357,Hypericum nokoense,能高金絲桃,,Endemic,,,rank4,,稀有級,,,,,
358,Hypericum subalatum ,方莖金絲桃,VU,Endemic,EN(I),第一級,rank1,第一級,稀有級,III,III,,,
78,HAMAMELIDACEAE,金縷梅科,,,,,,,,,,,,
359,Corylopsis multiflora,臺灣瑞木,CR,Endemic,EN(Ⅲ),,rank2,,,,,,,
360,Corylopsis pauciflora ,小葉瑞木,NT,,nt(II),,,,稀有級,III,III,III,A,HR
361,Distyliopsis dunnii,尖葉水絲梨,VU,,VU(Ⅲ),,,,稀有級,III,III,,,
362,Distylium gracile ,細葉蚊母樹,VU,Endemic,EN(I),,rank2,第三級,稀有級,,,,,
363,Hernandia nymphiifolia,蓮葉桐,VU,,VU(Ⅲ),,,,稀有級,III※,III※,"I,III※",A,HR
79,HYDROPHYLLACEAE,田亞麻科,,,,,,,,,,,,
364,Hydrolea zeylanica,探芹草,,,VU(Ⅵ),,,,,,,,,
80,ICACINACEAE,茶茱萸科,,,,,,,,,,,,
365,Gomphandra luzoniensis ,呂宋毛蕊木,VU,,VU(II),,,,,,,,A,HR
366,Gonocaryum calleryanum,柿葉茶茱萸,VU,,,,,,稀有級,III,III,III,A,HR
367,Nothapodytes foetida,青脆枝,VU,,,,,,,,,,A,HR
81,LABIATAE,唇形科,,,,,,,,,,,,
368,Ajuga dictyocarpa,網果筋骨草,VU,,VU(Ⅴ),,,,,,,,,
369,Ajuga nipponensis,日本筋骨草,VU,,VU(Ⅴ),,,,,,,,,
370,Ajuga pygmaea,矮筋骨草,NT,,NT(Ⅴ),,,,,,,,,
371,Basilicum polystachyon,小冠薰,NT,,NT(Ⅴ),,,,,,,,,
372,Clinopodium laxiflorum,臺灣風輪菜,NT,,,第二級,rank2,,,,,,,
373,Comanthosphae formosana,臺灣白木草,NT,Endemic,NT(Ⅴ),第二級,rank2,,,,,,,
374,Keiskea macrobracteata,大苞偏穗花,NT,Endemic,,,rank2,,,,,,,
375,Lamium amplexicaule,寶蓋草,EX,,EX(Ⅴ),,,,,,,,,
376,Lycopus lucidus,地笋,EN,,EN(Ⅴ),,,,,,,,,
377,Pogostemon stellatus,水虎尾,EN,,EN(Ⅳ),,,,,,,,,
378,Prunella vulgaris subsp. asiatica var. nanhutashanensis,高山夏枯草,NT,Endemic,,,rank4,,,,,,,
379,Salvia formosana,臺灣紫花鼠尾草,,Endemic,,,rank4,,,,,,,
380,Salvia hayatana,早田氏鼠尾草,NT,Endemic,,,rank3,,,,,,,
381,Scutellaria austrotaiwanensis,南臺灣黃芩 ,NT,Endemic,NT(Ⅴ),,rank4,第四級,,,,,,
382,Scutellaria playfairi,布烈氏黃芩,NT,Endemic,NT(Ⅴ),,,,,,,,,
383,Scutellaria taiwanensis,臺灣黃芩,NT,Endemic,NT(Ⅴ),,rank4,第三級,,,,,,
384,Scutellaria tashiroi,田代氏黃芩,NT,Endemic,NT(Ⅴ),第三級,rank3,,,,,,,
385,Suzukia luchuensis,琉球鈴木草,VU,,VU(Ⅴ),,,,,,,,,
386,Teucrium taiwanianum,臺灣香科科,VU,Endemic,VU(Ⅴ),第三級,rank4,第四級,,,,,,
82,LARDIZABALACEAE,木通科,,,,,,,,,,,,
387,Akebia trifoliata  subsp. australis ,白木通,NT,,VU(II),,,,,,,,,
83,LAURACEAE,樟科,,,,,,,,,,,,
388,Cinnamomum austrosinense,牡丹葉桂皮,NT,,EN(I),,,第三級,稀有級,,,,A E,HR
389,Cinnamomum brevipedunculatum,小葉樟,NT,Endemic,,,rank3,第三級,稀有級,"I,III",III,III,A E,HR
390,Cinnamomum insularimontanum,臺灣肉桂,,Endemic,,,,,,,,,C E,HR EP
391,Cinnamomum kanehirae ,牛樟,VU,Endemic,EN(I),,rank3,第三級,,,,,,
392,Cinnamomum kotoense ,蘭嶼肉桂,EN,Endemic,CR(I),第一級,rank1,第一級,稀有級,III,"II,III","II,III",A E,HR
393,Cinnamomum macrostemon ,胡氏肉桂,,Endemic,VU(I),,rank4,第三級,,,,,,
394,Cinnamomum osmophloeum,土肉桂,NT,Endemic,,,,,漸危級,II,II,II,C E,HR MP EP
395,Cinnamomum reticulatum ,土樟,NT,Endemic,VU(I),,rank2,,,,,,A E,HR EP
396,Cryptocarya elliptifolia,大果厚殼桂,VU,,CR(I),,,,,,,,,
397,Dehaasia incrassata ,腰果楠,VU,,CR(I),,,,稀有級,III※,III※,III※,A,HR OP
398,Endiandra coriacea,三蕊楠,VU,,,,,,稀有級,III,III,III,A,HR
399,Litsea akoensis var. sasakii,狹葉木薑子,NT,Endemic,,,rank4,,,,,,,
400,Litsea garciae,蘭嶼木薑子,VU,,,,,,,III,III,III,A,HR
401,Neolitsea hiiranensis,南仁山新木薑子,NT,Endemic,VU(Ⅲ),,rank3,第三級,,,,,A E,HR
402,Neolitsea sericea  var. aurata ,金新木薑子,NT,,CR(I),,,,,,,,,
403,Neolitsea villosa ,蘭嶼新木薑子,NT,,CR(I),,,,,,,,A,HR
84,LECYTHIDACEAE,玉蕊科,,,,,,,,,,,,
404,Barringtonia asiatica ,棋盤腳樹,VU,,VU(I),,,,漸危級,"I,III","I,III","I,III",D,HR
405,Barringtonia racemosa,水茄冬,NT,,,,,,稀有級,,,,,
85,LEGUMINOSAE,豆科,,,,,,,,,,,,
406,Acacia intsia,藤相思樹,,,,,,,,,,,C,HR
407,Apios taiwanianus,臺灣土圞兒,,,,,rank3,第三級,稀有級,,,,,
408,Astragalus nankotaizanensis,南湖大山紫雲英,,Endemic,VU(Ⅵ),,rank1,第一級,,,,,,
409,Astragalus nokoensis,能高大山紫雲英,,Endemic,,第三級,rank2,,,,,,,
410,Caesalpinia bonduc,老虎心,,,EN(Ⅵ),,,,,,,,,
411,Caesalpinia decapetala,雲實,,,,,,,稀有級,III,III,III,,
412,Cassia sophora var. penghuana,澎湖決明,,Endemic,,,rank4,第四級,稀有級,III,III,"II,III",,
413,Chamaecrista garambiensis,鵝鑾鼻決明,,Endemic,,第二級,rank4,第四級,,,,,,
414,Crotalaria similis,鵝鑾鼻野百合,,Endemic,VU(Ⅵ),第一級,rank1,第一級,,,,,,
415,Desmodium gracillimum,細葉山螞蝗,,Endemic,,,rank2,,,,,,,
416,Dolichos trilobus var. kosyunensis,三裂葉扁豆,,Endemic,,,rank2,第二級,,,,,,
417,Dumasia miaoliensis,苗栗野豇豆,,Endemic,EN(Ⅵ),第二級,rank2,,,,,,,
418,Entada koshunensis,恆春鴨腱藤,,,,,,,稀有級,"I,III",,,,
419,Entada phaseoloides,鴨腱藤,,,,,,,稀有級,"I,III",I,I,,
420,Entada pursaetha var. formosana,臺灣鴨腱藤,,,,,rank4,,稀有級,"I,III","I,III",,,
421,Eriosema chinense,豬仔笠,,,VU(Ⅵ),,,,,,,,,
422,Euchres formosana,臺灣山豆根,,,,,,,,,,,C,HR
423,Gleditsia rolfei ,恆春皂莢,,Endemic,VU(II),,rank2,第二級,稀有級,"I,III",II,II,,
424,Glycine dolichocarpa,扁豆莢大豆,,Endemic,,,rank3,,,,,,,
425,Glycine max subsp. formosana,臺灣大豆,,Endemic,,,rank3,,,,,,,
426,Glycine tabacina ,澎湖大豆,,,,,,,稀有級,,,,,
427,Indigofera byobiensis,貓鼻頭木藍,,Endemic,,第一級,rank1,,稀有級,,,,,
428,Indigofera ramulosissima ,太魯閣木藍,,Endemic,EN(I),第一級,rank1,第一級,稀有級,,,,,
429,Indigofera taiwaniana,臺灣木藍,,Endemic,,第四級,rank4,第四級,,,,,,
430,Indigofera zollingeriana,蘭嶼木藍,,,,,,,稀有級,,,,,
431,Lotus australis,蘭嶼百脈根,,,VU(Ⅵ),,,,,,,,,
432,Maackia taiwanensis ,臺灣馬鞍樹,,Endemic,EN(I),第二級,rank2,第一級,,III※,III※,III,,
433,Millettia pulchra var. microphylla,小葉魚藤,,Endemic,CR(Ⅲ),,rank4,第一級,,,,,,
434,Mucuna gigantea subsp. tashiroi,大血藤,,Endemic,,第一級,rank1,第一級,稀有級,,,,,
435,Mucuna membranacea,蘭嶼血藤,,,EN(Ⅵ),,,,,,,,,
436,Ormocarpum cochinchinensis,濱槐,,,NT(Ⅵ),,,,,,,,,
437,Ormosia formosana,臺灣紅豆樹,,Endemic,VU(Ⅲ),,rank2,第三級,,,,,C E,HR OP
438,Ormosia hengchuniana,恆春紅豆樹,,Endemic,VU(Ⅲ),第三級,rank3,第二級,,,,,,
439,Zornia intecta,臺東葵草,,Endemic,,第二級,rank2,,,,,,,
86,LENTIBULARIACEAE,狸藻科,,,,,,,,,,,,
440,Utricularia bifida,挖耳草,,,VU(Ⅵ),,,,,,,,,
441,Utricularia minor,小貍藻,,,,,,,稀有級,,,,,
442,Utricularia striatura,圓葉挖耳草,NT,,,,,,稀有級,"I,III","I,III","I,III",,
443,Utricularia uliginosa,齒萼挖耳草,RE,,CR(Ⅳ),,,,,,,,,
87,LOGANIACEAE,馬錢科,,,,,,,,,,,,
444,Buddleja curviflora,彎花醉魚木,VU,Endemic,VU(Ⅳ),,,,稀有級,III※,III※,III※,,
445,Fagraea ceilanica ,灰莉,NT,,EN(I),,,,稀有級,III,III,III,A,HR
446,Geniostema glabra,偽木荔枝,VU,,,,,,,,,,A,HR
447,Strychnos henryni ,臺灣馬錢,NT,,,,,,稀有級,III,III,III,A E,HR
88,LORANTHACEAE,桑寄生科,,,,,,,,,,,,
448,Loranthus kaoi,高氏桑寄生,NT,Endemic,,,rank3,,,,,,,
449,Taxillus pseudochinensis,恆春桑寄生,,Endemic,,,rank3,第三級,,,,,,
450,Viscum aluiformosanae,臺灣槲寄生,,Endemic,,,,,,,,,C E,HR
451,Viscum multinerve,刀葉槲寄生,NT,Endemic,,,,第二級,,,,,C E,HR
89,LYTHRACEAE,千屈菜科,,,,,,,,,,,,
452,Rotala hippuris,水杉菜,,,CR(I),,,,稀有級,,,,,
90,MALPIGHIACEAE,黃褥花科,,,,,,,,,,,,
453,Ryssopterys timoriensis,翅實藤,CR,,,,,,稀有級,III,I,I,,
454,Tristellateia australasiae ,三星果藤,EN,,CR(I),,,,稀有級,,,,,
91,MALVACEAE,錦葵科,,,,,,,,,,,,
455,Thespesia populnea ,繖楊,VU,,EN(I),,,,稀有級,"I,III",I,I,A,HR EP
456,Thespesia theophrasti,筒麻,,,,,,,稀有級,III,III,III,C,HR
92,MELASTOMATACEAE,野牡丹科,,,,,,,,,,,,
457,Bredia hirsuta var. rotundifolia,圓葉布勒徳藤,VU,Endemic,EN(Ⅴ),第三級,rank3,第三級,稀有級,III※,III※,III※,,
458,Medinilla formosana,臺灣野牡丹藤,VU,Endemic,VU(Ⅴ),第二級,rank2,第二級,,,,,,
459,Medinilla hayataina,蘭嶼野牡丹藤,CR,Endemic,,第一級,rank1,第一級,稀有級,III,III,III,A E,HR
460,Melastoma intermedia,水社野牡丹,VU,,,,,,稀有級,III,III,III,,
461,Memecylon lanceolatum,革葉羊角扭,VU,,,,,,,,,,A,HR
462,Osbeckia opipara ,闊葉金錦香,CR,,,,,,稀有級,III,III,III,,
463,Sonerila ternata,三蕊草,CR,,VU(Ⅴ),,,,,,,,,
93,MELIACEAE,楝科,,,,,,,,,,,,
464,Aphanamixis polystachya ,穗花樹蘭,NT,,EN(I),,,,稀有級,,,,A,HR EP
465,Chisocheton kanehirai,蘭嶼擬 木堅 木,VU,,EN(II),,,,,,,,A E,HR
466,Dysoxylum arborescens,蘭嶼 木堅 木,NT,,,,,,,,,,A,HR
467,Dysoxylum cumingianum,蘭嶼 木空 木,NT,,,,,,稀有級,III,III,III,A,HR
94,MENISPERMACEAE,防己科,,,,,,,,,,,,
468,Stephania merrillii,蘭嶼千金藤,,,,,,,,III,III,III,,
469,Cocculus laurifolius,樟葉木防己,VU,,VU(Ⅴ),,,,,,,,,
470,Stephania tetrandra,石蟾蜍,VU,,,,,,,,,,C,HR
471,Tinospora dentata,恆春青牛膽,CR,Endemic,,第二級,rank2,,,,,,,
95,MORACEAE,桑科,,,,,,,,,,,,
472,Artocarpus lanceolata,蘭嶼麵包樹,VU,,,,,,,,,,A,HR
473,Ficus esquiroliana,黃毛榕,NT,,VU(Ⅲ),,,,稀有級,III※,III※,III※,,
474,Ficus heteropleura ,尖尾長葉榕,VU,,EN(I),,,,稀有級,,,,,
475,Ficus microcarpa var. crassifolia,厚葉榕,,,,,,,,,,,A E,HR OP
476,Ficus microcarpa var. oluangpiensis,鵝鑾鼻藤榕,,Endemic,,,rank4,,,,,,,
477,Ficus pedunculosa,蔓榕,NT,,VU(Ⅲ),,,,,,,,A,HR OP
478,Ficus pedunculosa var. mearnsii,鵝鑾鼻蔓榕,NT,,LC(Ⅲ),,,第四級,,,,,,
479,Ficus pubenervis,綠島榕,NT,,,,,,,,,,A,HR OP
96,MYOPORACEAE,苦藍盤科,,,,,,,,,,,,
480,Myoporum bontioides,苦藍盤,EN,,,,,,瀕危級,I,I,I,C,HR
97,MYRICACEAE,楊梅科,,,,,,,,,,,,
481,Myrica adenophora,恆春楊梅,CR,,,,,,稀有級,III,III,III,A E ,HR
98,MYRISTICACEAE,肉豆蔻科,,,,,,,,,,,,
482,Myristica ceylanica var. cagayanensis,蘭嶼肉豆蔻,NT,,EN(Ⅲ),,,,稀,III,II,II,A,HR EP
483,Myristica elliptica var. simiarum,紅頭肉豆蔻,CR,,EN(Ⅲ),,,,稀,III,II,II,A,HR
99,MYRSINACEAE,紫金牛科,,,,,,,,,,,,
484,Ardisia elliptica,蘭嶼紫金牛,VU,,,,,,稀有級,,,,,
485,Ardisia kusukuensis,高士佛紫金牛,VU,Endemic,,,rank2,第三級,稀有級,"I,III","I,III","I,III",,
486,Ardisia maclurei,麥氏紫金牛,NT,,,,,,稀有級,III,III,III,,
487,Ardisia villosa ,雪下紅,NT,,EN(II),,,,,,,,,
488,Ardisia violacea,裡菫紫金牛,NT,Endemic,,第四級,rank4,,稀有級,III,III,III,,
100,MYRTACEAE,桃金孃科,,,,,,,,,,,,
489,Acmena acuminatissima,賽赤楠,NT,,,,,,稀有級,III,III,III,A,HR 
490,Syzygium taiwanicum,台灣棒花蒲桃,VU,,,,,,,III,III,,,
491,Syzygium densinervium,密脈赤楠,NT,Endemic,,第二級,rank2,,稀有級,III,III,,A E,HR
492,Syzygium euphlebium,細脈赤楠,,Endemic,,,,,稀有級,III,III,,,
493,Syzygium kusukusense,高士佛赤楠,NT,Endemic,,,rank3,第三級,,,,,,
494,Syzygium paucivenium,疏脈赤楠,VU,,VU(Ⅵ),,,,稀有級,III,III,,A,HR
495,Syzygium simile,蘭嶼赤楠,NT,,,,,,稀有級,III,III,,A E,HR
496,Syzygium tripinnatum,大花赤楠,NT,,VU(Ⅵ),,,,稀有級,III,,,A,HR
101,NYMPHAEACEAE,睡蓮科,,,,,,,,,,,,
497,Euryale ferox,芡實,,,CR(I),,,,漸危級,II※,II※,II※,,
498,Nuphar shimadai ,臺灣萍蓬草,,Endemic,CR(II),第一級,rank1,第一級,瀕危級,"I,III※","I,III※","I,III※",,
102,OLACACEAE,鐵青樹科,,,,,,,,,,,,
499,Olax imbricata,菲律賓鐵青樹,CR,,CR(Ⅲ),,,,,,,,,
500,Schoepfia jasminodora,青皮木,NT,,NT(Ⅴ),,,,稀有級,III,III,III,,
103,OLEACEAE,木犀科,,,,,,,,,,,,
501,Chionanthus coriaceus,厚葉李欖,CR,,CR(Ⅳ),,,,,,,,A,HR
502,Chionanthus ramiflora ,紅頭李欖,NT,,EN(II),,,,,,,,A,HR
503,Chionanthus retusus,流蘇樹,CR,,,,,,瀕危級,"I,III※","I,III※","I,III※",A ,HR OP
504,Ligustrum morrisonense,玉山女貞,NT,Endemic,,,rank3,,,,,,,
104,ONAGRACEAE,柳葉菜科,,,,,,,,,,,,
505,Epilobium nankotaizanense,南湖柳葉菜,待討論,Endemic,,,rank3,第三級,稀有級,III,III,III,,
506,Epilobium pengii,彭氏柳葉菜,,Endemic,,,rank4,第四級,,,,,,
507,Epilobium taiwanianum,臺灣柳葉菜,,Endemic,,,,第四級,,,,,,
508,Ludwigia ovalis,卵葉水丁香,,,,,,,稀有級,,,,,
509,Ludwigia perennis,小花水丁香,,,,,,,稀有級,,,,,
105,OROBANCHACEAE,列當科,,,,,,,,,,,,
510,Christisonia sinensis,假野菰,,,,,,,稀有級,III,III,III,,
106,OXALIDACEAE,酢醬草科,,,,,,,,,,,,
511,Oxalis acetosella subsp. taemoni,大霸尖山酢醬草,VU,Endemic,,,rank3,,,,,,,
107,PAPAVERACEAE,罌粟科,,,,,,,,,,,,
512,Macleaya cordata ,薄落迴,VU,,VU(II),,,,稀有級,III,I,I,,
108,PASSIFLORACEAE,西番蓮科,,,,,,,,,,,,
513,Adenia formosana,假西番蓮,EN,Endemic,,,rank4,,,,,,,
109,PITTOSPORACEAE,海桐科,,,,,,,,,,,,
514,Pittosporum illicioides,細葉疏果海桐,VU,Endemic,,第二級,rank2,第二級,稀有級,III,III,III,,
110,PLUMBAGINACEAE,藍雪科,,,,,,,,,,,,
515,Limonium wrightii,烏芙蓉,,,,,,,稀有級,II※,II※,"I,II",,
111,POLYGALACEAE,遠志科,,,,,,,,,,,,
516,Epirixanthus elongata,寄生鱗葉草,VU,,VU(Ⅵ),,,,,,,,,
517,Polygala arcuata,巨葉花遠志,NT,Endemic,,第三級,rank3,,稀有級,III,III,III,,
112,POLYGONACEAE,蓼科,,,,,,,,,,,,
518,Polygonum maackianum,長戟葉蓼,,,,,,,,"I,III","I,III","I,III",,
519,Polygonum pulchrum ,絨毛蓼,,,,,,,稀有級,I,I,I,,
113,PRIMULACEAE,報春花科,,,,,,,,,,,,
520,Lysimachia chingshuiensis,清水山過路黃,,,,,rank1,第二級,,,,,,
521,Stimpsonia chamaedryoides,施丁草,,,,,,,稀有級,,,,,
114,PYROLACEAE,鹿蹄草科,,,,,,,,,,,,
522,Monotropa hypopithys,錫杖花,NT,,NT(Ⅳ),,,,稀有級,III,III,III,C,HR
115,RAFFLESIACEAE,大花草科,,,,,,,,,,,,
523,Mitrastemon kawasasakii,臺灣奴草,VU,Endemic,,第三級,rank3,,稀有級,"I,III",III,III,C E,HR
524,Mitrastemon yamamotoi var. kanehirai ,菱形奴草,EN,Endemic,CR(II),,rank1,,漸危級,"I,III※",III※,III,,
116,RANUNCULACEAE,毛茛科,,,,,,,,,,,,
525,Aconitum fukutomei var. formosanum,蔓烏頭,,Endemic,,,rank3,第三級,稀有級,,,,C,MP
526,Calathodes polycarpa,多果雞爪草,,,EN(Ⅲ),,,,,,,,,
527,Clematis akoensis ,屏東鐵線蓮,,Endemic,VU(II),第三級,rank3,第三級,稀有級,,,,,
528,Clematis formosana,臺灣鐵線蓮,,Endemic,,,rank3,,,,,,,
529,Clematis psilandra,臺灣牡丹藤,,Endemic,,,rank3,第三級,,,,,,
530,Clematis tsugetorum,高山鐵線蓮,,Endemic,,第三級,rank3,第二級,,,,,,
531,Ranunculus morii,森氏毛茛,,Endemic,,,rank1,第一級,稀有級,,,,,
532,Ranunculus nankotaizanus,南湖毛茛,,Endemic,,,rank4,第四級,,,,,,
533,Thalictrum myriophyllum,密葉唐松草,,Endemic,,,rank3,,,,,,,
534,Thalictrum rubescens,南湖唐松草,,Endemic,,第三級,rank3,,,,,,,
535,Thalictrum sessile,玉山唐松草,,Endemic,,,rank3,,,,,,,
536,Thalictrum urbaini var. majus,大花傅氏唐松草,,Endemic,,,rank3,,,,,,,
537,Trollius taihasenzanensis,臺灣金蓮花,,Endemic,,第三級,rank3,,,,,,,
117,RHAMNACEAE,鼠李科,,,,,,,,,,,,
538,Berchemia arisanensis,阿里山黃鱔藤,VU,Endemic,,,rank4,第四級,,,,,,
539,Colubrina asiatica,亞洲濱棗,CR,,,,,,稀有級,III,III,,A,HR
540,Rhamnus chingshuiensis,清水鼠李,CR,Endemic,,,rank4,第四級,,,,,,
118,RHIZOPHORACEAE,紅樹科,,,,,,,,,,,,
541,Brugeiera gymnorrhiza,紅茄苳,EW,,,,,,漸危級,I,I,I,A,HR EP
542,Ceriops tagal,細蕊紅樹,EW,,,,,,絕滅級,I※△,I※,I※,A,HR
543,Kandelia candel,水筆仔,NT,,,,,,漸危級,III,III,III,A ,HR EP
544,Rhizophora stylosa ,紅海欖,VU,,EN(II),,,,瀕危級,,,,,
119,ROSACEAE,薔薇科,,,,,,,,,,,,
545,Filipendula kiraishiensis,臺灣蚊子草,NT,Endemic,,,rank3,,,,,,,
546,Geum japonicum,日本水楊梅,VU,,VU(Ⅵ),,,,稀有級,,,,,
547,Malus hupehensis ,湖北海棠,VU,,CR(II),,,,稀有級,III,III,,,
548,Osteomeles anthyllidifolia,小石積,CR,,EN(Ⅵ),,,,稀有級,III,III,III,,
549,Potentilla tugitakensis,雪山翻白草,NT,Endemic,,,rank3,,稀有級,,,,,
550,Prunus grisea,蘭嶼野櫻花,VU,,EN(II),,,,,,,,A,HR
551,Prunus obtusata,臺灣椆李,VU,,VU(Ⅲ),,,,,,,,,
552,Prunus transarisanensis ,阿里山櫻花,VU,Endemic,nt(II),,rank4,,,,,,,
553,Pyracantha koidzumii ,臺灣火刺木,EN,Endemic,EN(II),第一級,rank1,第一級,,,,,C E,HR OP
554,Pyrus calleryana ,豆梨,CR,,NE(II),,,,,,,,,
555,Pyrus taiwanensis,臺灣野梨,CR,Endemic,NE(Ⅲ),,rank4,第四級,,,,,C E,HR
556,Rhaphiolepis indica var. umbellata,厚葉石斑木,NT,,NT(Ⅲ),,,,,,,,A,HR OP
557,Rosa laevigata ,金櫻子,EN,,CR(II),,,,,,,,,
558,Rosa luciae var. rosea,臺灣光葉薔薇,,Endemic,,,rank4,第四級,,,,,,
559,Rosa pricei,太魯閣薔薇,,Endemic,,,rank4,第四級,,,,,,
560,Rubus lanyuensis,蘭嶼懸鉤子,NT,Endemic,,,rank4,第四級,,,,,,
561,Spiraea tarokoensis,太魯閣繡線菊,NT,Endemic,,,rank2,第三級,稀有級,III,III,,,
562,Spiraea tatakaensis,塔塔加繡線菊,CR,,,,,,,III,III,,,
563,Stephanandra incisa,冠蕊木,NT,,VU(Ⅲ),,,,稀有級,III,III,III,A,HR
120,RUBIACEAE,茜草科,,,,,,,,,,,,
564,Argostemma solaniflorum,水冠草,,,VU(Ⅵ),,,,,,,,A,HR
565,Cephalanthus naucleoides,風箱樹,,,EW(Ⅳ),,,,漸危級,"I,III※",III※,III,A,HR
566,Galium fukuyamae,福山氏豬殃殃,,Endemic,,,rank2,,,,,,,
567,Galium morii,森氏豬殃殃,,Endemic,,,rank3,,,,,,,
568,Galium nankotaizanum,南湖大山豬殃殃,,Endemic,NT(Ⅳ),,rank3,,,,,,,
569,Galium tarokoense,太魯閣豬殃殃,,Endemic,LC(Ⅳ),,rank3,第二級,稀有級,,,,,
570,Hedyotis butensis,臭涼喉茶,,Endemic,,,rank4,第四級,,,,,,
571,Ixora philippinensis,小仙丹花,,,,,,,,,,,A ,HR
572,Lasianthus hiiranensis,棲蘭山雞屎樹,,,,,,,稀有級,,,,A,HR
573,Lasianthus obliquinervis var. simizui,清水氏雞屎樹,,Endemic,,,rank4,,,,,,,
574,Mussaenda macrophylla ,大葉玉葉金花,,,EN(II),,,,稀有級,III,III,III,A ,HR
575,Ophiorrhiza liukiuensis,小花蛇根草,,,,,,,,,,,A,HR
576,Psychotria cephalophora,蘭嶼九節木,,,,,,,,,,,A,HR
577,Randia wallichii,大果玉心花,,,,,,,,,,,A,HR
578,Uncaria hirsuta ,臺灣鉤藤,,,VU(II),,,,稀有級,III,,,,
579,Uncaria rhynchophylla,嘴葉鉤藤,,,,,,,稀有級,III,III,"I,III",,
580,Sinoadina racemosa,水冬瓜,,,,,,,,,,,C,HR
121,RUTACEAE,芸香科,,,,,,,,,,,,
581,Citrus taiwanica,南庄橙,EN,Endemic,,,rank4,第四級,稀有級,III,III,,,
582,Clausena brevistylia,短柱黃皮,VU,,,,,,,,,,A,HR
583,Murraya crenulata,蘭嶼月橘,CR,,,,,,,,,,A,HR OP
584,Murraya paniculata var. omphalocarpa,長果月橘,NT,Endemic,,第二級,rank2,,,,,,,
585,Phellodendron var. wilsonii,臺灣黃蘗,VU,Endemic,EN(Ⅲ),,rank3,第三級,漸危級,II※,II※,II※,,
586,Zanthoxylum avicennae ,狗花椒,VU,,VU(II),,,,,,,,,
587,Zanthoxylum integrifoliolum ,蘭嶼花椒,NT,,EN(II),,,,,,,,,
588,Zanthoxylum pistaciiflorum,三葉花椒,CR,Endemic,VU(Ⅴ),,rank1,第一級,,,,,,
589,Zanthoxylum simulans,刺花椒,CR,,,,,,,,,,C,HR
590,Zanthoxylum wutaiense,屏東花椒,CR,Endemic,,,rank2,第二級,,,,,,
122,SALICACEAE,楊柳科,,,,,,,,,,,,
591,Salix kusanoi ,水社柳,CR,Endemic,EN(II),第三級,rank3,第三級,稀有級,,,,,
592,Salix okamotoana ,關山嶺柳,CR,Endemic,VU(Ⅲ),第一級,rank1,第一級,稀有級,,,,,
593,Salix taiwanalpina,臺灣山柳,NT,Endemic,,,rank3,,,,,,,
594,Salix taiwanalpina var. morrisonicola ,玉山柳,NT,Endemic,,,rank3,,,,,,,
123,SANTALACEAE,檀香科,,,,,,,,,,,,
595,Thesium chinense,百蕊草,,,VU(Ⅲ),,,,,,,,,
124,SAPOTACEAE,山欖科,,,,,,,,,,,,
596,Planchonella duclitan,蘭嶼樹青,CR,,,,,,,,,,A,HR EP
125,SAXIFRAGACEAE,虎耳草科,,,,,,,,,,,,
597,Cardiandra formosana,臺灣草紫陽花,VU,Endemic,,,rank3,,,,,,,
598,Chrysosplenium delavayi ,青貓兒眼睛草,VU,,nt(II),,,,,,,,,
599,Chrysosplenium hebetatum ,大武貓兒眼睛草,NT,Endemic,nt(II),,rank3,,稀有級,,,,,
600,Deutzia cordatula,心基葉溲疏,VU,Endemic,,,rank3,,稀有級,III,III,III,,
126,SCROPHULARIACEAE,玄參科,,,,,,,,,,,,
601,Centranthera cochinchinensis,胡麻草,,,,,,,稀有級,III,III,III,,
602,Euphrasia nankotaizanensis,南湖碎雪草,,Endemic,NT(Ⅳ),,rank3,,稀有級,,,,,
603,Euphrasia tarokoana,太魯閣小米草,,Endemic,VU(Ⅳ),第二級,rank2,,稀有級,,,,,
604,Euphrasia transmorrisonensis var. durietziana,臺灣碎雪草,,Endemic,,,rank3,,,,,,,
605,Legazpia polygonoides,三翅萼,,,VU(Ⅴ),,,,稀有級,,,,,
606,Limnophila taoyuanensis,桃園石龍尾,,Endemic,,,rank1,第三級,,,,,,
607,Limnophila trichophylla,石龍尾,,,,,,,漸危級,,,,,
608,Mazus tainanensis,臺南通泉草,,Endemic,,,rank4,,,,,,,
609,Microcarpaea minima,微果草,,,,,,,,I,I,I,,
610,Paulownia fortunei,泡桐,,,CR(Ⅳ),,,,漸危級,"II,III※",II※,II,C,HR EP
611,Paulownia kawakamii,白桐,,,EN(Ⅳ),,,,漸危級,"I,II,III※","I,II,III※",,C,HR EP
612,Pedicularis ikomai,高山馬先蒿,,Endemic,,,rank3,,,,,,,
613,Veronica taiwaniana  ,臺灣水苦賈,,Endemic,,,rank3,,,,,,,
614,Veronicastrum axillare var. simadae,新竹腹水草,,,,,rank4,,,,,,,
615,Veronicastrum formosanum,臺灣腹水草,,Endemic,,,rank4,,,,,,,
616,Veronicastrum kitamurae,高山腹水草,,Endemic,,,rank4,,,,,,,
127,SIMAROUBACEAE,苦木科,,,,,,,,,,,,
617,Ailanthus altissima,臭椿,NT,Endemic,,,rank3,第三級,稀有級,III,III,III,C E,HR
618,Picrasma quassioides,苦樹,NT,,VU(Ⅲ),,,,稀有級,III,III,III,C,HR MP EP
128,SOLANACEAE,茄科,,,,,,,,,,,,
619,Physalis linii,林氏燈籠草,VU,,,,,,,,,,A,HR
620,Solanum luzoniense,呂宋茄,CR,,,,,,,,,,A,HR
129,STAPHYLEACEAE,省沽油科,,,,,,,,,,,,
621,Turpinia ovalifolia,羽葉山香圓,NT,,,,,,,,,,A,HR
130,STERCULIACEAE,梧桐科,,,,,,,,,,,,
622,Heritiera littoralis,銀葉樹,CR,,,,,,,,,,D,HR EP
623,Pterospermum niveum,裏白翅子木,VU,,,,,,,,,,A,HR
131,STYRACACEAE,安息香科,,,,,,,,,,,,
624,Styrax japonica var. kotoensis,蘭嶼野茉莉,NT,,VU(Ⅴ),,,,,,,,A,HR
625,Styrax matsumuraei,臺灣野茉莉,VU,Endemic,VU(Ⅳ),,rank3,第四級,稀有級,III,III,III,,
132,SYMPLOCACEAE,灰木科,,,,,,,,,,,,
626,Symplocos koshunensis,恆春灰木,CR,Endemic,,,rank1,第一級,,"I,III",III,III,,
627,Symplocos nokoensis,能高山灰木,VU,Endemic,,,rank2,第二級,稀有級,"II,III","II,III",,,
628,Symplocos sasakii,佐佐木氏灰木,VU,Endemic,,,rank2,第二級,,III,III,III,,
629,Symplocos shilanensis ,希蘭灰木,NT,Endemic,VU(II),,rank2,第二級,稀有級,III,III,III,,
133,THEACEAE,茶科,,,,,,,,,,,,
630,Anneslea fragrans  var. lanceolata ,細葉茶梨,NT,Endemic,VU(II),,rank2,第二級,稀有級,"I,III","I,III",III,A E,HR EP
631,Camellia furfuracea,垢果山茶,NT,,,,,,稀有級,"I,III","I,III",,,
632,Camellia hengchunensis,恆春山茶,VU,Endemic,EN(Ⅲ),,rank1,第一級,稀有級,III,III,,,
633,Camellia japonica,日本山茶,NT,,VU(Ⅲ),,,,,,,,,
634,Camellia japonica var. hozanensis,臺灣山茶,NT,Endemic,,,,,稀有級,III,III,,C,HR OP
635,Camellia salicifolia,柳葉山茶,NT,,,,,,稀有級,"I,III","I,III",,,
636,Eurya nanjenshanensis,南仁山柃木,NT,Endemic,,第三級,rank3,第二級,,,,,,
637,Eurya rengechiensis,蓮花池柃木,VU,Endemic,VU(Ⅲ),,rank2,第一級,稀有級,"I,III","I,III",,,
638,Eurya taitungensis,清水山柃木,,Endemic,,,rank4,第四級,,,,,,
639,Pyrenaria buisanensis,武威烏皮茶,EN,Endemic,,第一級,rank4,,,,,,,
134,THYMELAEACEAE,瑞香科 ,,,,,,,,,,,,
640,Daphne morrisonensis,玉山瑞香,NT,Endemic,VU(Ⅵ),,rank4,第四級,,,,,,
641,Stellera formosana,矮瑞香,NT,Endemic,,,rank2,第二級,,,,,,
642,Wikstroemia mononectaria,紅蕘花,CR,Endemic,,,rank4,第二級,稀有級,"I,III","I,III","I,III",,
135,TILIACEAE,田麻科,,,,,,,,,,,,
643,Berrya ammonilla,六翅木,CR,,,,,,稀有級,III,III,III,,
644,Grewia eriocarpa,大葉捕魚木,VU,,VU(Ⅴ),,,,,,,,,
136,ULMACEAE,榆科,,,,,,,,,,,,
645,Celtis nervosa,小葉朴,NT,Endemic,,,rank3,,,,,,,
646,Celtis Philippensis,菲律賓朴樹,VU,,,,,,稀有級,III,III,III,A,HR
647,Ulmus parvifolia,榔榆,NT,,,,,,,,,,D,OP EP HR
137,UMBELLIFERAE,繖形科,,,,,,,,,,,,
648,Angelica dahurica var. formosana,野當歸,,Endemic,,,rank4,第三級,,,,,,
649,Angelica hirsutiflora,濱當歸,,Endemic,,第二級,rank2,第二級,,,,,,
650,Angelica tarokoensis,太魯閣當歸,,Endemic,,,rank2,,,,,,,
651,Bupleurum kaoi,高氏柴胡,,Endemic,,,rank1,,,,,,,
652,Hydrocotyle keelungensis,基隆天胡荽,,,,,rank4,第四級,,,,,,
653,Oreomyrrhis nanhuensis,南湖山薰香,,Endemic,,,rank4,,,,,,,
654,Oreomyrrhis taiwaniana,臺灣山薰香,,Endemic,,,rank4,,,,,,,
138,URTICACEAE,蕁麻科,,,,,,,,,,,,
655,Boehmeria hwaliensis,花蓮苧麻,,Endemic,VU(Ⅲ),,rank4,,,,,,,
656,Boehmeria longispica,長穗苧麻,,,EN(Ⅲ),,,,,,,,,
657,Boehmeria pilushanensis,畢祿山苧麻,,Endemic,VU(Ⅲ),,,第三級,,,,,,
658,Elatostema multicanaliculatum,多溝樓梯草,,Endemic,CR(Ⅲ),,rank4,第四級,,,,,,
659,Elatostema strigillosum,微粗毛樓梯草,,Endemic,VU(Ⅲ),,rank4,第四級,,,,,,
660,Elatostema villosum,柔毛樓梯草,,Endemic,VU(Ⅲ),第四級,rank4,第四級,,,,,,
661,Laportea bulbifera,珠芽桑葉麻,,,VU(Ⅲ),,,,,,,,,
662,Pilea elliptifolia,橢圓葉冷水麻,,Endemic,VU(Ⅲ),,rank4,第四級,,,,,,
663,Pilea japonica,日本冷水麻,,,VU(Ⅲ),,,,,,,,,
139,VERBENACEAE,馬鞭草科,,,,,,,,,,,,
664,Callicarpa hypoleucophylla,灰背葉紫珠,NT,Endemic,VU(Ⅳ),,rank2,,稀有級,III,III,III,,
665,Callicarpa longissima,長葉紫珠,NT,Endemic,,,,,,"I,III","I,III",,,
666,Callicarpa remotiflora,疏花紫珠,NT,Endemic,VU(Ⅳ),,rank3,第三級,,"I,III","I,III",,,
667,Clerodendrum ohwii,花蓮海州常山,,Endemic,,,rank4,,,,,,,
668,Premna hengchunensis ,恆春臭黃荊,NT,Endemic,VU(II),,rank4,第四級,,,,,,
669,Premna octonervia ,八脈臭黃荊,VU,,VU(II),,,,稀有級,,,,,
670,Vitex trifolia,三葉埔姜,VU,,VU(Ⅳ),,,,,,,,,
140,VIOLACEAE,菫菜科,,,,,,,,,,,,
671,Hybanthus enneaspermus,鼠鞭草,,,,,,,稀有級,,,,,
672,Viola biflora,雙黃花菫菜,,,,,,,稀有級,III,III,III,,
673,Viola obtusa var. tsuifengensis,翠峰菫菜,,Endemic,,,rank4,,,,,,,
141,VITACEAE,葡萄科,,,,,,,,,,,,
674,Cissus lanyuensis,蘭嶼粉藤,NT,Endemic,,,rank2,第三級,,,,,A E,HR
675,Cissus pteroclada,翼莖粉藤,NT,Endemic,,,rank4,,,,,,,
676,Vitis amurenensis,阿穆爾葡萄,CR,,EN(Ⅴ),,,,,,,,,
142,ZYGOPHYLLACEAE,蒺藜科,,,,,,,,,,,,
677,Tribulus taiwanense,臺灣蒺藜,NT,Endemic,,,,第三級,,,,,,
143,ALISMATACEAE,澤瀉科,,,,,,,,,,,,
678,Alisma canaliculatum,澤瀉,,,,,,,漸危級,I※,I※,I※,,
679,Alisma grandis,圓葉澤瀉,,,,,,,漸危級,III,III,III,,
680,Sagittaria guayanensis,櫛蒴草,,,,,,,,I※,I※,I※,,
681,Sagittaria pygmea,瓜皮草,,,,,,,漸危級,I,I,I,,
144,AMARYLLIDACEAE,石蒜科,,,,,,,,,,,,
682,Lycoris aurea ,龍爪花,,,CR(II),,,,,,,,C,HR
145,APONOGETONACEAE,水蕹科,,,,,,,,,,,,
683,Aponogeton taiwanensis,水蕹,,Endemic,,,rank4,,漸危級,I※,I※,I※,,
146,ARACEAE,天南星科,,,,,,,,,,,,
684,Rhaphidophora perkinsiae,針房藤,,,,,,,,,,,A,HR
685,Alocasia macrorrhiza,海芋,,,VU(Ⅴ),,,,,,,,,
686,Amorphophallus hirtus,密毛魔芋,,Endemic,,第三級,rank3,,,,,,,
687,Amorphophallus paeoniifolius ,疣柄魔芋,,,NE(II),,,,,,,,,
688,Arisaema ilanense,宜蘭天南星,,Endemic,,第二級,rank4,第二級,,,,,,
689,Arisaema nanjenense,南仁山天南星,,Endemic,,,rank4,第四級,,,,,,
690,Arisaema taiwanense var. brevipedunculatum,短梗天南星,,Endemic,,,rank4,,,,,,,
691,Arisaema thunbergii subsp. autumnale,東台天南星,,Endemic,,,rank4,,,,,,,
692,Epipremnum formosanum,臺灣拎樹藤,,Endemic,,,rank4,,,,,,,
693,Homalomena kelungensis,基隆扁葉芋,,Endemic,,,rank4,,,,,,,
694,Remusatia vivipara,臺灣目賊芋,,,CR(Ⅵ),,,,,,,,,
695,Schismatoglottis kotoensis,蘭嶼芋,,Endemic,,第二級,rank2,,,,,,,
147,BURMANNIACEAE,水玉簪科,,,,,,,,,,,,
696,Burmannia championii,頭花水玉簪,,,VU(Ⅵ),,,,,,,,,
697,Burmannia liukiuensis,琉球水玉簪,,,VU(Ⅵ),,,,,,,,,
698,Gymnosiphon aphyllus,小水玉簪,,,EN(Ⅵ),,,第一級,稀有級,III※,III※,III※,A E,HR
699,Thismia taiwanensis,臺灣水玉杯,,Endemic,,第一級,rank1,,,,,,,
148,CABOMBACEAE,蓴科,,,,,,,,,,,,
700,Brasenia schreberi ,蓴,,,CR(I),,,,漸危級,"I,II,III","I,II,III","I,II,III",,
149,COMMELINACEAE,鴨跖草科,,,,,,,,,,,,
701,Belosynapsis kawakamii,川上氏鴨舌疝,,Endemic,,第三級,rank3,,,,,,,
702,Floscopa scandens,蔓襄荷,,,,,,,稀有級,I,I,I,,
150,CYPERACEAE,莎草科,,,,,,,,,,,,
703,Bolboschoenus planiculmis,扁桿藨草,,,,,,,稀有級,,,,,
704,Carex alterniflora,輪葉宿柱苔,,,,,,,,III,III,III,,
705,Carex capillacea,單穗薹,,,,,,,稀有級,III,III,III,,
706,Carex dolichostachya subsp. trichosperma,阿里山宿柱薹,,,,,,第四級,,,,,,
707,Carex fulvorubescens subsp. alterniflora,茶色扁果薹,,Endemic,,,rank3,,,,,,,
708,Carex liui,劉氏薹,,Endemic,,第三級,rank3,,,,,,,
709,Carex maculata,寬囊果薹,,,,,,,稀有級,III,III,III,,
710,Carex manca subsp. takasagoana,夢佳宿柱薹,,Endemic,,,rank3,第二級,,,,,,
711,Carex metallica,寬穗薹,,,,,,,稀有級,III,III,III,,
712,Carex morii,森氏薹,,Endemic,,,rank2,,,,,,,
713,Carex orthostemon,直蕊宿柱薹,,Endemic,,,rank3,,,,,,,
714,Carex purpureotincta,太魯閣薹,,Endemic,,,rank1,第一級,,,,,,
715,Carex rochebruni,高山穗序薹,,,,,,第三級,,,,,,
716,Carex sachalinensis,輪葉宿柱薹,,,,,,,稀有級,,,,,
717,Carex taiwanensis,臺灣疏花薹,,Endemic,,,rank3,第四級,,,,,,
718,Carex urelytra,扁果薹,,Endemic,,,rank3,,,,,,,
719,Cladium jamaicense,克拉莎,,,VU(Ⅵ),,,,,,,,,
720,Fimbristylis microcarya var. tainanensis,臺南飄拂草,,Endemic,,,rank3,,,,,,,
721,Fimbristylis shimadana,白穗飄拂草,,Endemic,,,rank1,,,,,,,
722,Fimbristylis subinclinata,知本飄拂草,,Endemic,,,rank1,,,,,,,
723,Gahnia tristis,黑莎草,,,,,,,,,,,A,HR
724,Pycreus unioloides,水社扁莎,,,,,,,稀有級,I.III,"I,III","I,III",,
725,Rhynchospora alba,白穗刺子莞,,,,,,,稀有級,III,III,III,,
726,Rhynchospora malasica,馬來刺子莞,,,,,,,稀有級,I.III,"I,III","I,III",,
727,Scleria biflora,二花珍珠茅,,,,,,,稀有級,I,I,I,,
728,Scleria levis,毛果珍珠茅,,,,,,,稀有級,I,I,I,,
729,Scleria lithosperma,石果珍珠茅,,,,,,,稀有級,I,I,I,,
730,Scleria rugosa,皺果珍珠茅,,,,,,,稀有級,I,I,I,,
731,Scleria sumatrensis,印尼珍珠茅,,,,,,,稀有級,I,I,I,,
151,DIOSCOREACEAE,薯蕷科,,,,,,,,,,,,
732,Diosccorea cumingii,蘭嶼田薯,,,,,,,,III,III,III,A,HR
733,Dioscorea benthamii,大青薯,,,,,,,,,,,D,MP HR
734,Dioscorea codonopsidifolia,掌葉薯,,Endemic,,,rank4,,,,,,A,HR
735,Dioscorea collettii,華南薯蕷,,,,,,,,,,,D,MP HR
736,Dioscorea cumingii,蘭嶼田薯,,,,,,,稀有級,III,III,III,,
737,Dioscorea kaoi,圓錐花薯蓣,,,,,rank4,第四級,,,,,A E,HR
738,Discopea doryphora,戟葉薯蕷,,,,,,,,,,,D,MP HR
739,Discorea hispida,白薯榔,,,,,,,,,,,D,MP HR
152,ERIOCAULACEAE,穀精草科,,,,,,,,,,,,
740,Eriocaulon chishingsanensis,七星山穀精草,,,,,,第四級,稀有級,I,I,I,,
741,Eriocaulon nantoense var. trisectum,蓮花池穀精草,,,,,,第一級,稀有級,I,I,I,,
742,Eriocaulon sexangulare,大葉穀精草,,,,,,,稀有級,I,I,I,,
153,GRAMINEAE,禾本科,,,,,,,,,,,,
743,Aristida chinensis,華三芒草,,,,,,,稀有級,III,III,III,,
744,Arthraxon pauciflorus,粗梗藎草,,Endemic,,,rank1,第一級,,,,,,
745,Arthrostylidium naibunensis,內文竹,,Endemic,,,rank2,,,,,,,
746,Capillipedium  kwashotensis,綠島細柄草,,Endemic,,,rank2,,,,,,,
747,Centotheca lappacea,假淡竹葉,,,,,,,稀有級,"I,III",III,"I,III",,
748,Cynodon arcuatus,恆春狗牙根,,,,,,,稀有級,III,III,"I,III",,
749,Eccoilopus formosanus,臺灣油芒,,Endemic,,,rank1,,,,,,,
750,Eragrostis fauriei,佛歐里畫眉草,,Endemic,,,rank4,第四級,,,,,,
751,Eragrostis pilosiuscula,毛葉知風草,,Endemic,,,rank2,,,,,,,
752,Garnotia acutigluma,銳穎葛氏草,,Endemic,,,,,稀有級,III,III,III,,
753,Glyceria leptolepis,假鼠婦草,,,,,,,稀有級,III,III,III,,
754,Hygroryza aristata,水禾,,,VU(Ⅵ),,,,瀕危級,"I,III","I,III","I,III",,
755,Isachne miliaceae,類黍柳葉箬,,,,,,,稀有級,I,I,I,,
756,Leptaspis formosana,囊稃竹,,Endemic,,,rank1,第一級,,,,,A E,HR
757,Melica onoei,小野臭草,,,,,,,稀有級,III,III,III,,
758,Neyraudia arundinaceae,類蘆,,,,,,,稀有級,III,III,III,,
759,Phaenosperma globosa,顯子草,,,,,,,稀有級,III,III,III,,
760,Poa sphondylodes var. kelungensis,基隆早熟禾,,Endemic,,,rank2,,稀有級,,,,,
761,Polypogon monspeliensis,長芒棒頭草,,,,,,,稀有級,III,III,III,,
762,Schizachyrium fragile var. shimadae,尖葉裂稃草,,Endemic,,,rank4,第四級,稀有級,III,III,III,,
763,Thaumastochloa chenii,其昌假蛇尾草,,Endemic,,,rank1,第一級,稀有級,III,III,III,,
764,Tripogon chinensis,中華草沙蠶,,,,,,,稀有級,III,III,III,,
154,HYDROCHARITACEAE,水鱉科,,,,,,,,,,,,
765,Blyxa japonica,日本簀藻,,,,,,,稀有級,,,,,
766,Halophila ovalis,卵葉鹽藻,,,,,,,稀有級,III,III,III,,
767,Hydrocharis dubia,水鱉,,,,,,,稀有級,I※,I※,I※,,
768,Thalassia hemprichii,泰來藻,,,,,,,稀有級,III,III,III,,
769,Vallisneria gigantea,大苦草,,,,,,,稀有級,III,III,III,,
155,IRIDACEAE,鳶尾科,,,,,,,,,,,,
770,Belamcanda chinensis var. taiwanensis,臺灣射干,,Endemic,,,rank4,,,,,,,
156,JUNCACEAE,燈心草科,,,,,,,,,,,,
771,Juncus ohwianus,大井氏燈心草,,,VU(Ⅵ),,,,,,,,,
772,Luzula multiflora,山間地楊梅,,,,,,,稀有級,III,III,III,,
157,LEMNACEAE,浮萍科,,,,,,,,,,,,
773,Lemna trisulca,品藻,,,,,,,稀有級,III,III,III,,
158,LILIACEAE,百合科,,,,,,,,,,,,
774,Allium bakeri var. morrisonense,玉山蒜,,Endemic,,,,,稀有級,III,III,III,,
775,Allium grayi,山蒜,,,,,,,稀有級,III,III,III,,
776,Aspidistra mushaensis,霧社蜘蛛抱蛋,,Endemic,,,,,稀有級,III,III,III,C E,HR
777,Helonias umbellata,臺灣胡麻花,,Endemic,,,rank4,,,,,,C E,HR
778,Lilium callosum,野小百合,,,,,,,稀有級,III※,"II,III","II,III",,
779,Lilium speciosum var. gloriosoides ,艷紅鹿子百合,,,CR(II),,,,稀有級,"II,III※","II,III","II,III",A,HR OP
780,Paris polyphylla var. taitungensis,臺東七葉一枝花,,Endemic,,,,,,,,,A E,HR
781,Polygonatum altelobatum,臺灣黃精,,Endemic,,,rank3,第三級,,,,,,
782,Polygonatum chingshuishanianum,清水山黃精,,Endemic,,,rank4,,,,,,,
783,Rohdea japonica var. watanabei,萬年青,,Endemic,,第三級,rank3,第三級,,,,,,
784,Scilla sinensis ,綿棗兒,,,,,,,稀有級,I,I,I,,
785,Thysanotus chinensis,異蕊草,,,,,,,稀有級,III,III,III,C,HR
786,Tricyrtis suzukii,鈴木氏油點草,,Endemic,NT(Ⅵ),,rank2,第二級,,,,,,
159,MARANTACEAE,竹芋科,,,,,,,,,,,,
787,Donax cannaeformis,蘭嶼竹芋,,,,,,,,,,,A,HR
160,MUSACEAE,芭蕉科,,,,,,,,,,,,
788,Musa insularimontana,蘭嶼芭蕉,,Endemic,,,rank1,,,,,,,
161,NAJADACEAE,茨藻科,,,,,,,,,,,,
789,Najas ancistrocarpa,士林拂尾藻,,,,,,,漸危級,"I,III※","I,III※","I,III※",,
790,Najas browniana,高雄茨藻,,,,,,,稀有級,"I,III","I,III","I,III",,
791,Najas gracillima ,日本茨藻,,,,,,,稀有級,I,I,I,,
792,Najas marina,大茨藻,,,,,,,稀有級,"I,III※","I,III※","I,III※",,
162,ORCHIDACEAE,蘭科,,,,,,,,,,,,
793,Acanthephippium pictum,延齡鐘馗蘭,,,,,,,,,,,A,HR
794,Acanthephippium sylhetense,台灣鐘馗蘭,,,,,,,,,,,C,HR OP
795,Agrostophyllum formosanum,臺灣糠穗蘭,,,,,,,,I,I,I,A,HR
796,Anoectochilus formosanus,臺灣金線蓮,,Endemic,,,rank3,,,II,II,II,D,HR OP MP
797,Anoectochilus koshunensis,恆春金線蓮,,Endemic,,,rank3,第三級,稀有級,,,,D,HR OP MP
798,Aphyllorchis montana,山林無葉蘭,,,,,,,,,,,C,HR
799,Appendicula fenixii,長葉竹節蘭,,Endemic,,,rank2,,,,,,A E,HR
800,Arundina graminfolia,葦草蘭,,,,,,,稀有級,III,III,III,,
801,Ascocentrum pumilum,小鹿角蘭,,Endemic,,,,,,,,,D E,HR OP
802,Bulbophyllum albociliatum,白毛捲瓣蘭,,Endemic,,,,第三級,,,,,C E,HR
803,Bulbophyllum aureolabellum,小豆蘭,,Endemic,,,,第四級,,III,III,III,C E,HR
804,Bulbophyllum flariflorum,黃花捲瓣蘭,,,,,,,,,,,C,HR OP
805,Bulbophyllum hirundinis,花蓮捲瓣蘭,,,,,,,稀有級,I,I,I,A,HR OP
806,Bulbophyllum insulsum,穗花捲瓣蘭,,,,,,第三級,,,,,C E,HR
807,Bulbophyllum riyanum,白花豆蘭,,,,,,,稀有級,III,III,III,,
808,Bulbophyllum rubrolabellum,紅心豆蘭,,Endemic,,,,第三級,,,,,C,HR
809,Bulbophyllum setaceum,鸛冠蘭,,Endemic,,,rank3,,,,,,C,HR OP
810,Bulbophyllum taiwanense,臺灣捲瓣蘭,,Endemic,,,rank2,,,,,,,
811,Bulbophyllum tokioi,小葉豆蘭,,Endemic,,,rank3,,,,,,,
812,Bulbophyllum wightii,大花豆蘭,,,,,,,稀有級,,,,,
813,Calanthe actinomorpha,輻形根節蘭,,Endemic,,,rank3,,,,,,,
814,Calanthe alpina ,羽唇根節蘭,,,,,,,稀有級,III,III,III,A,HR OP
815,Calanthe graciliflora,細花根節蘭,,,,,,第二級,,,,,,
816,Calanthe sieboldii,黃根節蘭,,,,,,,稀有級,II,II,II,C,HR OP
817,Calanthe tricarinata,三板根節蘭,,,,,,,稀有級,II,II,II,C,HR
818,Cephalantheropsis calanthoides,白花肖頭蕊蘭,,,,,,,稀有級,,,,,
819,Chamaeanthus wenzelii,威氏細花蘭,,,,,,,,III,III,III,,
820,Cheirostylis clibborndyeri,斑葉指柱蘭,,,,,,第四級,,III,III,III,,
821,Cheirostylis tabiyahanensis,東部線柱蘭,,Endemic,,,rank3,,,,,,,
822,Cheirostylis takeoi,阿里山指柱蘭,,,,,,,稀有級,III,III,III,,
823,Cheirostylis tortilacinia,和社指柱蘭,,Endemic,,,rank2,,,,,,,
824,Chiloschista segawae,大蜘蛛蘭,,Endemic,,,rank3,,稀有級,III,III,III,C,HR
825,Cleisostoma uraiensis,烏來閉口蘭,,,,,,,,,,,A,HR
826,Corybas taiwanensis,紅盔蘭,,Endemic,,,rank4,第四級,稀有級,III,III,III,A,HR
827,Cymbidium cochleare,香莎草蘭,,,,,,第三級,,III,III,III,C,HR OP
828,Cymbidium ensifolium,建蘭,,,,,,,稀有級,II,II,II,A,HR
829,Cymbidium ensifolium var. misericors,素心蘭,,,,,,,,,,,C,HR OP
830,Cymbidium ensifolium var. rubrigemmum,四季蘭,,,,,,,,,,,D,HR OP
831,Cymbidium faberi,九華蘭,,,,,,,稀有級,II,II,II,D,HR OP
832,Cymbidium formosanum,朵朵香,,,,,,,,II,II,II,D,HR OP
833,Cymbidium goeringii ,春蘭,,,,,,,稀有級,,,,,
834,Cymbidium goeringii var. tortisepalum,菅草蘭,,,,,rank3,,稀有級,II,II,II,C E,HR OP
835,Cymbidium kanran,寒蘭,,,,,,,稀有級,II,II,II,C,HR OP
836,Cymbidium lancifolium var. syunitianum,大竹柏蘭,,Endemic,,,rank3,,,,,,,
837,Cymbidium sinense,報歲蘭,,,,,,,稀有級,II,II,II,C,HR OP
838,Cypripedium debile,小喜普鞋蘭,,,,,,,稀有級,III,,,,
839,Cypripedium formosanum,臺灣喜普鞋蘭,,Endemic,,,,,稀有級,III,,,,
840,Cypripedium japonicum,日本喜普鞋蘭,,,,,,,,III,,,C,HR OP MP
841,Cypripedium macranthum,奇萊喜普鞋蘭,,,,,,,稀有級,III,III,III,,
842,Cypripedium segawai,寶島喜普鞋蘭,,Endemic,,,rank2,,,,,,,
843,Dendrobium clavatum var. aurantiacum,金草蘭,,,VU(Ⅴ),,,,,,,,D,HR OP MP
844,Dendrobium crumenatum,鴿石斛,,,,,,,稀有級,I,I,I,A,HR OP
845,Dendrobium furcatopedicellatum,雙花石斛,,Endemic,,,rank4,,,,,,,
846,Dendrobium goldschmidtianum,紅石斛,,,,,,,稀有級,II,II,II,A E,HR OP
847,Dendrobium leptocladum,細莖石斛,,,,,rank3,,,,,,,
848,Dendrobium linawianum,櫻石斛,,,,,,,稀有級,III,III,III,A,HR OP
849,Dendrobium tosaense,黃花石斛,,,VU(Ⅵ),,,,,,,,A,HR OP
850,Dendrobium ventricosum,燕子石斛,,,,,,,,,,,A,HR OP
851,Dendrochilum uncatum,黃穗蘭,,,VU(Ⅵ),,,第一級,,,,,A,HR OP
852,Didymoplexis pallens,吊鐘鬼蘭,,,,,,,稀有級,III,III,III,,
853,Disperis siamensis,雙袋蘭,,,,,,,稀有級,III,III,III,,
854,Ephemerantha pallens,大武暫花蘭,,,,,,,,I,I,I,,
855,Epipactis helleborine subsp. ohwii,臺灣鈴蘭,,Endemic,,,,第一級,,,,,,
856,Eria javanica,大葉绒蘭,,,,,,,稀有級,III,III,III,,
857,Eria robusta,細花絨蘭,,,,,,,,,,,A,HR
858,Erythrorchis altissima,蔓莖山珊瑚,,,,,,,稀有級,,,,,
859,Eulophia dentata ,紫芋蘭,,,,,,第三級,,,,,,
860,Eulophia graminea,禾草芋蘭,,,,,,,稀有級,,,,,
861,Eulophia hirsuta,毛芋蘭,,,,,,第四級,,,,,,
862,Flickingeria comata,木斛,,,,,,,稀有級,I,I,I,A,HR MP
863,Flickingeria tairukounia,輻射暫花蘭,,Endemic,,,rank4,,稀有級,,,,,
864,Erythrorchis altissima,蔓莖山珊瑚,,,,,,,,I,I,I,,
865,Gastrochilus hoii,何氏松蘭,,Endemic,VU(Ⅵ),,rank3,,,,,,,
866,Gastrochilus linii,金松蘭,,Endemic,,,rank4,第四級,,,,,,
867,Gastrochilus matsudae,寬唇松蘭,,Endemic,,,rank3,第一級,,,,,,
868,Gastrochilus raraensis,紅檜松蘭,,Endemic,VU(Ⅵ),,,,,,,,,
869,Gastrodia appendiculata,無蕊喙赤箭,,Endemic,,,rank2,,,,,,,
870,Gastrodia flavilabella,夏赤箭,,Endemic,,,rank2,第一級,,,,,,
871,Gastrodia fontinalis,春赤箭,,Endemic,,,rank2,第四級,,,,,,
872,Gastrodia peichatieniana ,秋赤箭,,Endemic,,,,第四級,,,,,,
873,Gastrodia pubilabiata ,冬赤箭,,,,,,第四級,,,,,,
874,Goodyera arisanensis,阿里山斑葉蘭,,Endemic,,,rank3,,,,,,,
875,Goodyera biflora,大花斑葉蘭,,,,,,,稀有級,III,III,III,,
876,Goodyera formosana,臺灣斑葉蘭,,,,,,,,I,I,I,,
877,Goodyera fumata,尾唇斑葉蘭,,,,,,,稀有級,,,,,
878,Goodyera repens,南投斑葉蘭,,,,,,,稀有級,III,III,III,,
879,Goodyera seikoomontana,歌綠懷蘭,,Endemic,,,rank2,,,,,,,
880,Goodyera yamiana,蘭嶼金銀草,,Endemic,,,rank2,,,,,,,
881,Habenaria polytricha,裂瓣玉鳳蘭,,,,,,第三級,稀有級,III,III,III,,
882,Haraella retrocalla,香蘭,,,,第三級,rank3,,稀有級,III,III,III,C E,HR OP
883,Hemipilia cordifolia,玉山一葉蘭,,,,,,,稀有級,,III,III,,
884,Holcoglossum quasipinifolium,撬唇蘭,,,,,,,稀有級,III,III,III,C E,HR OP
885,Hylophila nipponica,蘭嶼袋唇蘭,,Endemic,,,rank2,第二級,,,,,A E,HR
886,Lecanorchis thalassica,紋皿柱蘭,,Endemic,,,rank2,第四級,,,,,,
887,Liparis amabilis,白花羊耳蒜,,Endemic,,,rank4,,,,,,,
888,Liparis cordifolia,心葉羊耳蒜,,,,,,,稀有級,,,,,
889,Liparis hensoaensis,明潭羊耳蒜,,Endemic,,,rank4,,,,,,,
890,Liparis krameri var. sasakii,尾唇羊耳蒜,,Endemic,,,rank1,,,III,III,III,,
891,Liparis somae,高士佛羊耳蒜,,Endemic,,,rank2,第三級,,,,,,
892,Listera kuanshanensis,關山雙葉蘭,,Endemic,,,rank4,,,,,,,
893,Listera meifongensis,梅峰雙葉蘭,,Endemic,,,rank2,,,,,,,
894,Listera nankomontana,南湖雙葉蘭,,Endemic,,,rank2,,,,,,,
895,Listera pseudonipponica,假日本雙葉蘭,,Endemic,,,rank1,,,,,,,
896,Listera taizanensis,大山雙葉蘭,,Endemic,,,rank2,,,,,,,
897,Luisia cordata,心唇金釵蘭,,Endemic,,,rank4,,,,,,,
898,Microstatorchis compacta,假蜘蛛蘭,,,,,,,,,,,A,HR
899,Nervilia  aragoana,東亞脈葉蘭,,,,,,,稀有級,II,II,II,,
900,Nervilia  lanyuensis,蘭嶼脈葉蘭,,Endemic,,,rank4,,,,,,,
901,Nervilia  plicata,紫花脈葉蘭,,,,,,,稀有級,II,II,II,,
902,Nervilia aragoana,脈葉蘭,,,,,,,,II,II,II,C,HR MP
903,Oberonia gigantea,大莪白蘭,,Endemic,,,rank1,第三級,,,,,,
904,Oberonia pumila,小騎士蘭,,Endemic,,,rank2,,,,,,,
905,Oberonia rosea,裂瓣莪白蘭,,,,,,,稀有級,,,,,
906,Oberonia seidenfadenii,密花小騎士蘭,,Endemic,,,rank2,,,,,,,
907,Orchis kunihikoana,大水窟紅蘭,,,,,,第二級,,,,,,
908,Oreorchis micrantha ,南湖山蘭,,,,,,第二級,,,,,,
909,Pachystoma pubescens,粉口蘭,,,,,,,稀有級,III,III,III,,
910,Peristylus calcaratus,貓鬚蘭,,,,,,,稀有級,III,,III,,
911,Phaius tankervilleae,紅鶴蘭,,,,,,,,,,,D,HR OP
912,Phajus longipes,鈴花鶴頂蘭,,,,,,,,III,III,III,,
913,Phalaenopsis aphrodite,白蝴蝶蘭,,,,,,,瀕危級,II※,II※,II,A,HR OP
914,Phalaenopsis equestris,桃紅蝴蝶蘭,,,CR(Ⅵ),,,,漸危級,"II,III※","II,III※","II,III",A,
915,Phreatia formosana,寶島芙樂蘭,,,,,,,,,,,A E,HR
916,Phreatia taiwaniana,臺灣芙樂蘭,,Endemic,,,rank3,第二級,,,,,,
917,Brachycorythis galeandra,寬唇苞葉蘭,,,,,,第四級,,,,,,
918,Platanthera devolii  ,長葉粉蝶蘭,,,,,,第二級,,,,,,
919,Platanthera longicalcarata,長距粉蝶蘭,,Endemic,,,,第二級,,,,,,
920,Platanthera yangmeiensis,陰粉蝶蘭,,Endemic,,,,第三級,,,,,,
921,Pleione bulbocodioides ,臺灣一葉蘭,,,,,,第三級,漸危級,II,II,II,D E,HR OP
922,Pomatocalpa acuminata ,黃繡球蘭,,Endemic,,,,第三級,,,,,C E,HR OP
923,Ponerorchis taiwanensis,臺灣小蝶蘭,,Endemic,,,,第三級,稀有級,III,III,III,,
924,Ponerorchis takasago-montana,高山小蝶蘭,,Endemic,,,rank3,,,,,,,
925,Ponerorchis tominagai,紅斑蘭,,Endemic,,,rank3,,,,,,,
926,Spathoglottis plicata,紫苞舌蘭,,,,,,,,,,,A,HR OP MP
927,Taeniophyllum complanatum,扁蜘蛛蘭,,Endemic,,,rank3,,,,,,,
928,Taeniophyllum glandulosum,蜘蛛蘭,,,,,,,,,,,C,HR
929,Tainia latifolia ,闊葉杜鵑蘭,,,,,,第三級,,,,,,
930,Thelasis pygmaea,閉花八粉蘭,,,,,,,稀有級,I,I,I,A E,HR
931,Thrixspermum devolium,鉤唇風鈴蘭,,,,,,第四級,,,,,,
932,Thrixspermum eximium,異色風蘭,,,,,,,稀有級,III,III,III,,
933,Thrixspermum fantasticum,金唇風蘭,,,,,,,稀有級,III,III,III,,
934,Thrixspermum merguense,高士佛風蘭,,,,,,第二級,稀有級,III,III,III,,
935,Thrixspermum pensile,倒垂風蘭,,,,,,第二級,,,,,A E,HR
936,Thrixspermum subulatum,厚葉風蘭,,,,,,,稀有級,I,I,I,A,HR
937,Tipularia odorata,南湖蠅蘭,,Endemic,,,,第三級,稀有級,III,III,III,C E,HR
938,Trichoglottis rosea var. breviracema,短穗毛舌蘭,,,,,,,,,,,A E,HR OP
939,Tuberolabium kotoense,管唇蘭,,Endemic,,,rank2,,稀有級,II※,II,II,A,HR OP
940,Vanda lamellata,雅美萬代蘭,,,,,,,稀有級,"II,III※","II,III","II,III",A,
941,Vexillabium integrum,綠葉旗唇蘭,,Endemic,,,rank2,,,,,,,
942,Zeuxine agyokuana,阿玉線柱蘭,,,,,,,稀有級,III,III,III,,
943,Zeuxine integrilabella,全唇線柱蘭,,Endemic,,,rank3,,,,,,,
944,Zeuxine kantokeiense,關刀溪線柱蘭,,,,,,,,,,,A E,HR
945,Zeuxine nemorosa,裂唇線柱蘭,,,,,,第二級,,,,,,
163,PALMAE,棕櫚科,,,,,,,,,,,,
946,Calamus quiquesetinervius,黃藤,,Endemic,,,,,,,,II,,
947,Livistona chinensis var. subglobosa,蒲葵,,,,,,,稀有級,III,III,III,A,HR
948,Pinanga tashiroi,山檳榔,,Endemic,,第一級,rank1,,稀有級,III※,III※,III※,,
164,PANDANACEAE,露兜樹科,,,,,,,,,,,,
949,Dracaena angustifolia,番仔林投,,,,,,,,,,,C,HR
165,PHILYDRACEAE,田蔥科,,,,,,,,,,,,
950,Philydrum lanuginosum,田蔥,,,,,,,漸危級,I,I,I,,
166,POTAMOGETONACEAE,眼子菜科,,,,,,,,,,,,
951,Potamogeton cristatus,冠果眼子菜,,,,,,,漸危級,I,I,I,,
952,Potamogeton maackianus,馬克眼子菜,,,,,,,稀有級,,,,,
953,Potamogeton oxyphyllus,線葉藻,,,,,,,稀有級,I※,I※,I※,,
167,SMILACACEAE,菝契科,,,,,,,,,,,,
954,Heterosmilax seisuiensis,台中假土茯苓,,Endemic,,,rank4,,,,,,,
955,Smilax horridiramula,密刺菝契,,Endemic,NT(Ⅵ),,rank3,,,,,,,
956,Smilax luei,呂氏菝契,,Endemic,CR(Ⅲ),,rank1,第一級,稀有級,III,III,III,,
957,Smilax nantoensis,南投菝契,,Endemic,,,rank3,第三級,稀有級,III,III,III,,
958,Smilax nipponica,七星牛尾菜,,,,,,,稀有級,,,,,
168,SPARGANIACEAE,黑三稜科,,,,,,,,,,,,
959,Sparganium fallax,東亞黑三稜,,,,,,,稀有級,III,III,III,,
169,TRIURIDACEAE,黴草科,,,,,,,,,,,,
960,Sciaphila ramosa,多枝黴草,,Endemic,VU(Ⅵ),,rank1,,,,,,,
170,XYRIDACEAE,蔥草科,,,,,,,,,,,,
961,Xyris formosana ,桃園草,,Endemic,CR(II),,rank1,第一級,稀有級,I,I,I,,
171,ZANNICHELLIACEAE,角果藻科,,,,,,,,,,,,
962,Halodule pinifolia,線葉二藥藻,,,,,,,稀有級,III,III,III,,
963,Zannichellia palustris,角果藻,,,,,,,漸危級,"I,III","I,III","I,III",,
172,ZINGIBERACEAE,薑科,,,,,,,,,,,,
964,Alpinia japonica,山薑,,,,,,,,,,,A,HR
965,Vanoverberghia sasakiana,蘭嶼法氏薑,,Endemic,EN(Ⅵ),,rank2,,,,,,,
966,Zingiber oligophyllum,少葉薑,,Endemic,,第四級,rank4,,,,,,,
173,ZOSTERACEAE,甘藻科,,,,,,,,,,,,
967,Zostera japonica,甘藻,,,,,,,稀有級,III,III,III,,
